Category,Subcategory,Place,Address
Lecture Theatres,1-15,LT1,"LT1, Block NS3, NS3-02-09"
Lecture Theatres,1-15,LT1A,"LT1A, LT1A-01-01"
Lecture Theatres,1-15,LT2A,"LT2A, LT2A-01-01"
Lecture Theatres,1-15,LT2,"TCT-LT(LT2), Block NS4, NS4-02-36"
Lecture Theatres,1-15,LT3,"LT3, Block NS4, NS4-02-32"
Lecture Theatres,1-15,LT4,"LT4, Block NS4, NS4-02-34"
Lecture Theatres,1-15,LT5,"LT5, Block NS2, NS2-02-07"
Lecture Theatres,1-15,LT6,"LT6, Block NS2, NS2-02-05"
Lecture Theatres,1-15,LT7,"LT7, Block NS1, NS1-02-03"
Lecture Theatres,1-15,LT8,"LT8, Block NS1, NS1-02-01"
Lecture Theatres,1-15,LT9,"LT9, Block NS4, NS4-04-39"
Lecture Theatres,1-15,LT10,"LT10, Block NS4, NS4-04-41"
Lecture Theatres,1-15,LT11,"LT11, Block NS2, NS2-04-15"
Lecture Theatres,1-15,LT12,"LT12, Block NS2, NS2-04-13"
Lecture Theatres,1-15,LT13,"LT13, Block NS2, NS2-04-11"
Lecture Theatres,1-15,LT14,"LT14, Block NS2, NS2-04-09"
Lecture Theatres,1-15,LT15,"LT15, Block NS1, NS1-04-07"
Lecture Theatres,16-29,LT16,"LT16, Block NS1, NS1-04-05"
Lecture Theatres,16-29,LT17,"LT17, Block NS1, NS1-04-03"
Lecture Theatres,16-29,LT18,"LT18, Block NS1, NS1-04-01"
Lecture Theatres,16-29,LT19,"LT19, Block N2, N2-B2A-01"
Lecture Theatres,16-29,LT19A,"LT19A, LT19A-01-01"
Lecture Theatres,16-29,LT20,"LT20, Block N2, N2-B2A-01"
Lecture Theatres,16-29,LT22,"LT22, Block SS2, SS2-B2-07"
Lecture Theatres,16-29,LT23,"LT23, Block SS2, SS2-B2-05"
Lecture Theatres,16-29,LT24,"LT24, Block SS1, SS1-B2-03"
Lecture Theatres,16-29,LT25,"LT25, Block SS1, SS1-B2-01"
Lecture Theatres,16-29,LT26,"LT26, Block SS4, SS4-B2-33"
Lecture Theatres,16-29,LT27,"LT27, Block SS4, SS4-B2-31"
Lecture Theatres,16-29,LT28,"LT28, Block SS2, SS2-B1-17"
Lecture Theatres,16-29,LT29,"LT29, Block SS2, SS2-B1-16"
Lecture Theatres,ADM,AV Lecture Room B1.1,"AV Lecture Room B1.1 (ADM), School of Art, Design and Media (ADM), ART-B1-02, 81 Nanyang Drive, Singapore 637458"
Lecture Theatres,ADM,AV Lecture Room B1.2,"AV Lecture Room B1.2 (ADM), School of Art, Design and Media (ADM), ART-B1-03, 81 Nanyang Drive, Singapore 637458"
Lecture Theatres,Others,CBE Lecture Theatre,"CBE Lecture Theatre, Block N1.2, N1.2-B2-01, 62 Nanyang Drive, Singapore 637459"
Lecture Theatres,Others,HSS Auditorium,"HSS Auditorium, School of Humanities / School of Social Sciences, HSS-B1-14, 48 Nanyang Avenue, Singapore 639818"
Lecture Theatres,Others,Lecture Theatre at The Arc,"Lecture Theatre at The Arc (LHN-LT), The Arc - Learning Hub North (LHN), LHN-B1-15, 63 Nanyang Drive, Singapore 636922"
Lecture Theatres,Others,Lecture Theatre at the Hive,"Lecture Theatre at the Hive (LHS-LT), The Hive, LHS-01-04, 52 Nanyang Avenue, Singapore 639816"
Lecture Theatres,Others,Lee Foundation Lecture Theatre,"Lee Foundation Lecture Theatre, Wee Kim Wee School of Communication And Information (WKWSCI), WKWSCI-01-LT1, 31 Nanyang Link, Singapore 637718"
Lecture Theatres,Others,Lee Kong Chian Lecture Theatre,"Lee Kong Chian Lecture Theatre, Block SS3, SS3-B2-10"
Lecture Theatres,Others,Tan Chin Tuan Lecture Theatre,"Tan Chin Tuan Lecture Theatre, Block NS4, NS4-02-36"
Lecture Theatres,SPMS,LT1,"LT1 - SPMS, School of Physical and Mathematical Sciences (SPMS), SPMS-04-07, 21 Nanyang Link, Singapore 637371"
Lecture Theatres,SPMS,LT2,"LT2 - SPMS, School of Physical and Mathematical Sciences (SPMS), SPMS-03-03, 21 Nanyang Link, Singapore 637371"
Lecture Theatres,SPMS,LT3,"LT3 - SPMS, School of Physical and Mathematical Sciences (SPMS), SPMS-03-02, 21 Nanyang Link, Singapore 637371"
Lecture Theatres,SPMS,LT4,"LT4 - SPMS, School of Physical and Mathematical Sciences (SPMS), SPMS-03-09, 21 Nanyang Link, Singapore 637371"
Lecture Theatres,SPMS,LT5,"LT5 - SPMS, School of Physical and Mathematical Sciences (SPMS), SPMS-03-08, 21 Nanyang Link, Singapore 637371"
Lecture Theatres,NIE,LT1,"LT1 - NIE, LT1"
Lecture Theatres,NIE,LT2,"LT2 - NIE, National Institute of Education (NIE) - Building 7 (Science), NIE7-01-LT2"
Lecture Theatres,NIE,LT3,"LT3 - NIE, National Institute of Education (NIE) - Building 7 (Science), NIE7-01-LT3"
Lecture Theatres,NIE,LT4,"LT4 - NIE, National Institute of Education (NIE) - Building 7 (Science), NIE7-01-LT4"
Lecture Theatres,NIE,LT5,"LT5 - NIE, National Institute of Education (NIE) - Building 2 (Education), NIE2-01-LT5"
Lecture Theatres,NIE,LT6,"LT6 - NIE, National Institute of Education (NIE) - Building 2 (Education), NIE2-01-LT6"
Lecture Theatres,NIE,LT7,"LT7 - NIE, National Institute of Education (NIE) - Building 2 (Education), NIE2-01-LT7"
Lecture Theatres,NIE,LT8,"LT8 - NIE, National Institute of Education (NIE) - Building 3 (Arts), NIE3-01-LT8"
Lecture Theatres,NIE,LT9,"LT9 - NIE, National Institute of Education (NIE) - Building 3 (Arts), NIE3-01-LT9"
Lecture Theatres,NIE,LT10,"LT10 - NIE, National Institute of Education (NIE) - Building 3 (Arts), NIE3-01-LT10"
Lecture Theatres,NIE,LT11,"LT11 - NIE, National Institute of Education (NIE) - Building 5 (Physical Education), NIE5-01-LT11"
Lecture Theatres,NIE,LT12,"LT12 - NIE, National Institute of Education (NIE) - Building 5 (Physical Education), NIE5-01-LT12"
Libraries,,"Art, Design & Media Library","Art, Design & Media Library (ADM), School of Art, Design and Media (ADM), ART-01-03, 81 Nanyang Drive, Singapore 637458"
Libraries,,Business Library,"Business Library, Block N2, N2-B2B-07, 50 Nanyang Avenue, Singapore 639798"
Libraries,,Chinese Library,"Chinese Library, Block S3.2, S3.2-B5-01, 50 Nanyang Avenue, Singapore 639798"
Libraries,,Communication & Information Library,"Communication & Information Library (CMIL), Wee Kim Wee School of Communication And Information (WKWSCI), CS-01-18, 31 Nanyang Link, Singapore 637718"
Libraries,,Humanities & Social Sciences Library,"Humanities & Social Sciences Library, Block S4, S4-B3C-05, 50 Nanyang Avenue, Singapore 639798"
Libraries,,Lee Wee Nam Library (Engineering & Science Collections),"Lee Wee Nam Library, Block NS3, NS3-03-01, 50 Nanyang Avenue, Singapore 639798"
Libraries,,NIE Library (LIBRIS),"National Institute of Education (NIE) - Library, National Institute of Education (NIE) - Building 4 (Library and Canteen)"
Libraries,,Wang Gungwu Library (Overseas Chinese Collections),"Wang Gungwu Library, Chinese Heritage Centre (CHC), CHC-02, 46 Nanyang Avenue, Singapore 639817"
Examination Halls,,A,"Examination Hall A, Nanyang Auditorium, Level B1"
Examination Halls,,B,"Examination Hall B, Nanyang Auditorium, Level 03"
Examination Halls,,C,"Examination Hall C, Block N2, N2-B2C-12"
Examination Halls,,D,"Examination Hall D, Sports and Recreation Centre (SRC), 20 Nanyang Green, Singapore 637715"
Examination Halls,,E,"Examination Hall E, Sports and Recreation Centre (SRC), 20 Nanyang Green, Singapore 637715"
Examination Halls,,F,"Examination Hall F, Sports and Recreation Centre (SRC), 20 Nanyang Green, Singapore 637715"
Examination Halls,,H,"Examination Hall H / Function Room, Nanyang House, Level 02, 12 Nanyang Hill, Singapore 637663"
Examination Halls,,J1,"Examination Hall J1 / Seminar Room 1, Nanyang House, Level 02, 12 Nanyang Hill, Singapore 637663"
Examination Halls,,J2,"Examination Hall J2 / Seminar Room 2, Nanyang House, Level 02, 12 Nanyang Hill, Singapore 637663"
Examination Halls,,K,"Examination Hall K, Block SS3, SS3-B1"
Examination Halls,,L,"Examination Hall L, School of Biological Sciences (SBS), 60 Nanyang Drive, Singapore 637551"
Examination Halls,,N,"Examination Hall N - North Hill Function Hall, Blk 20B, 60 Nanyang Crescent, Singapore 636957"
Examination Halls,,W,"Examination Hall W - The Wave, Sports & Recreation Centre, The Wave (SRC), 110 Nanyang Crescent, Singapore 636956"
Examination Halls,,6,"Examination Hall 6, Hall of Residence 6 (Hall 6), 21 Lien Ying Chow Drive, Singapore 637296"
Examination Halls,,7,"Examination Hall 7, Hall of Residence 7 (Hall 7), 30 Nanyang Link, Singapore 637717"
Examination Halls,,8,"Examination Hall 8, Hall of Residence 8 (Hall 8), 26 Nanyang Avenue, Singapore 639812"
Examination Halls,,10,"Examination Hall 10, Hall of Residence 10 (Hall 10), 22 Nanyang Avenue, Singapore 639810"
Examination Halls,,12,"Examination Hall 12, Hall of Residence 12 (Hall 12), 30 Nanyang Crescent, Singapore 637659"
Examination Halls,,15,"Examination Hall 15, Hall of Residence 15 (Hall 15), 36 Nanyang Crescent, Singapore 637635"
Meeting Rooms,,Discussion Room 2 (HSS),"Discussion Room 2 (HSS), School of Humanities / School of Social Sciences, HSS-03-29, 48 Nanyang Avenue, Singapore 639818"
Meeting Rooms,,Discussion Room 4 (HSS),"Discussion Room 4 (HSS), School of Humanities / School of Social Sciences, HSS-04-47, 48 Nanyang Avenue, Singapore 639818"
Meeting Rooms,,Discussion Room 5 (HSS),"Discussion Room 5 (HSS), School of Humanities / School of Social Sciences, HSS-05-43, 48 Nanyang Avenue, Singapore 639818"
Meeting Rooms,,Meeting Room 1 (HSS),"Meeting Room 1 (HSS), School of Humanities / School of Social Sciences, HSS-03-65, 48 Nanyang Avenue, Singapore 639818"
Meeting Rooms,,Meeting Room 2 (HSS),"Meeting Room 2 (HSS), School of Humanities / School of Social Sciences, HSS-03-83, 48 Nanyang Avenue, Singapore 639818"
Meeting Rooms,,Meeting Room 3 (HSS),"Meeting Room 3 (HSS), School of Humanities / School of Social Sciences, HSS-03-85, 48 Nanyang Avenue, Singapore 639818"
Meeting Rooms,,Meeting Room 4 (HSS),"Meeting Room 4 (HSS), School of Humanities / School of Social Sciences, HSS-04-71, 48 Nanyang Avenue, Singapore 639818"
Meeting Rooms,,Meeting Room 5 (HSS),"Meeting Room 5 (HSS), School of Humanities / School of Social Sciences, HSS-04-89, 48 Nanyang Avenue, Singapore 639818"
Meeting Rooms,,Meeting Room 6 (HSS),"Meeting Room 6 (HSS), School of Humanities / School of Social Sciences, HSS-04-91, 48 Nanyang Avenue, Singapore 639818"
Meeting Rooms,,SoH Meeting Room,"SoH Meeting Room, School of Humanities / School of Social Sciences, HSS-03-84A, 48 Nanyang Avenue, Singapore 639818"
Reading Rooms,,Athena Reading Room,"Athena Reading Room, Block NS3, NS3-03-02"
Reading Rooms,,Minerva Reading Room,"Minerva Reading Room, Block NS3, NS3-03-03"
Reading Rooms,,Nanyang Fellows Reading Room (NBS),"Nanyang Fellows Reading Room (NBS), Block S3, S3-B2B-76"
Reading Rooms,,Reading Room (NBS),"Reading Room (NBS), Block S3, S3-01C-121"
Reading Rooms,,Reading Room 1 (NBS),"Reading Room 1 (NBS), Block S3, S3-B4A-05"
Reading Rooms,,Reading Room 2 (NBS),"Reading Room 2 (NBS), Block S3, S3-B4A-04"
Reading Rooms,,Reading Room - N2 B1C,"Reading Room - N2 B1C, Block N2, N2-B1C-14"
Reading Rooms,,Reading Room 1 (North Spine),"Reading Room 1 (North Spine), Block NS3, NS3-05-78"
Reading Rooms,,Reading Room (PAP),"Reading Room (PAP), School of Physical and Mathematical Sciences (SPMS), SPMS-PAP-02-03, 21 Nanyang Link, Singapore 637371"
Reading Rooms,,Reading Room (South),"Reading Room (South), Block S4, S4-B1A-09"
Reading Rooms,,Staff Reading Room (NBS),"Staff Reading Room (NBS), Block S3, S3-01B-109"
Seminar Rooms,CBE,1,"Seminar Room 1 - CBE, Block N1.2, N1.2-B3-14, 62 Nanyang Drive, Singapore 637459"
Seminar Rooms,CBE,2,"Seminar Room 2 - CBE, Block N1.2, N1.2-B3-02, 62 Nanyang Drive, Singapore 637459"
Seminar Rooms,CBE,3,"Seminar Room 3 - CBE, Block N1.2, N1.2-B3-18, 62 Nanyang Drive, Singapore 637459"
Seminar Rooms,CIS,A,"Seminar Room A - CIS, Block N1, N1-B1B-06"
Seminar Rooms,CIS,B,"Seminar Room B - CIS, Block N1, N1-B1B-14"
Seminar Rooms,CIS,C,"Seminar Room C - CIS, Block N1, N1-B1B-05"
Seminar Rooms,HSS,Conference Room,"Conference Room (HSS), School of Humanities / School of Social Sciences, HSS-05-57, 48 Nanyang Avenue, Singapore 639818"
Seminar Rooms,HSS,3,"Seminar Room 3 - HSS, School of Humanities / School of Social Sciences, HSS-B1-10, 48 Nanyang Avenue, Singapore 639818"
Seminar Rooms,HSS,4,"Seminar Room 4 - HSS, School of Humanities / School of Social Sciences, HSS-B1-09, 48 Nanyang Avenue, Singapore 639818"
Seminar Rooms,HSS,6,"Seminar Room 6 - HSS, School of Humanities / School of Social Sciences, HSS-01-04, 48 Nanyang Avenue, Singapore 639818"
Seminar Rooms,HSS,7,"Seminar Room 7 - HSS, School of Humanities / School of Social Sciences, HSS-01-06, 48 Nanyang Avenue, Singapore 639818"
Seminar Rooms,HSS,8,"Seminar Room 8 - HSS, School of Humanities / School of Social Sciences, HSS-01-09, 48 Nanyang Avenue, Singapore 639818"
Seminar Rooms,HSS,9,"Seminar Room 9 - HSS, School of Humanities / School of Social Sciences, HSS-B1-11, 48 Nanyang Avenue, Singapore 639818"
Seminar Rooms,N2,1,"Seminar Room 1 - N2, Block N2, N2-B4C-08"
Seminar Rooms,N2,2,"Seminar Room 2 - N2, Block N2, N2-B4C-07"
Seminar Rooms,NBS-S3,CR1,"Conference Room 1 (NBS), Block S3, S3-B4A-02"
Seminar Rooms,NBS-S3,CR2,"Conference Room 2 (NBS), Block S3, S3-B4A-03"
Seminar Rooms,NBS-S3,1,"Seminar Room 1 at NBS-S3, Block S3, S3-B3B-36"
Seminar Rooms,NBS-S3,2,"Seminar Room 2 at NBS-S3, Block S3, S3-B3B-37"
Seminar Rooms,NBS-S3,3,"Seminar Room 3 at NBS-S3, Block S3, S3-B3B-38"
Seminar Rooms,NBS-S3,4,"Seminar Room 4 at NBS-S3, Block S3, S3-B3B-40"
Seminar Rooms,NBS-S3,5,"Seminar Room 5 at NBS-S3, Block S3, S3-B3B-41"
Seminar Rooms,NBS-S3,6,"Seminar Room 6 at NBS-S3, Block S3, S3-B3B-42"
Seminar Rooms,NBS-S3,7,"Seminar Room 7 at NBS-S3, Block S3, S3-B4C-08"
Seminar Rooms,NBS-S3,8,"Seminar Room 8 at NBS-S3, Block S3, S3-B4C-09"
Seminar Rooms,NBS-S3,9,"Seminar Room 9 at NBS-S3, Block S3, S3-B4C-10"
Seminar Rooms,NBS-S3,10,"Seminar Room 10 at NBS-S3, Block S3, S3-B4C-11"
Seminar Rooms,NBS-S3.1,1,"S3.1 Executive Seminar Room 1, Block S3.1, S3.1-B1-01"
Seminar Rooms,NBS-S3.1,2,"S3.1 Executive Seminar Room 2, Block S3.1, S3.1-B1-02/03"
Seminar Rooms,NBS-S3.1,3,"S3.1 Executive Seminar Room 3, Block S3.1, S3.1-B1-04/05"
Seminar Rooms,NBS-S3.1,4,"S3.1 Executive Seminar Room 4, Block S3.1, S3.1-B1-06"
Seminar Rooms,NBS-S3.1,5,"S3.1 Executive Seminar Room 5, Block S3.1, S3.1-B1-07"
Seminar Rooms,NBS-S3.1,6,"S3.1 Executive Seminar Room 6, Block S3.1, S3.1-B1-08"
Seminar Rooms,NBS-S3.1,7,"S3.1 Executive Seminar Room 7, Block S3.1, S3.1-B1-11"
Seminar Rooms,NBS-S3.1,8,"S3.1 Executive Seminar Room 8, Block S3.1, S3.1-B2-07"
Seminar Rooms,NBS-S3.1,9,"S3.1 Executive Seminar Room 9, Block S3.1, S3.1-B2-08/09"
Seminar Rooms,NBS-S3.1,10,"S3.1 Executive Seminar Room 10, Block S3.1, S3.1-B2-10/11"
Seminar Rooms,NBS-S3.1,11,"S3.1 Executive Seminar Room 11, Block S3.1, S3.1-B1-09/10"
Seminar Rooms,S3.2,1,"Seminar Room 1 - S3.2, Block S3.2, S3.2-B3-SR1"
Seminar Rooms,S3.2,2,"Seminar Room 2 - S3.2, Block S3.2, S3.2-B3-SR2"
Seminar Rooms,S3.2,3,"Seminar Room 3 - S3.2, Block S3.2, S3.2-B3-SR3"
Seminar Rooms,S3.2,4,"Seminar Room 4 - S3.2, Block S3.2, S3.2-B3-SR4"
Seminar Rooms,S3.2,5,"Seminar Room 5 - S3.2, Block S3.2, S3.2-B3-SR5"
Seminar Rooms,S3.2,6,"Seminar Room 6 - S3.2, Block S3.2, S3.2-B3-SR6"
Seminar Rooms,S3.2,ESR1,"S3.2 Executive Seminar Room 1, Block S3.2, S3.2-B3-ESR1"
Seminar Rooms,S3.2,ESR2,"S3.2 Executive Seminar Room 2, Block S3.2, S3.2-B3-ESR2"
Seminar Rooms,S3.2,ESR3,"S3.2 Executive Seminar Room 3, Block S3.2, S3.2-B3-ESR3"
Seminar Rooms,S3.2,ESR4,"S3.2 Executive Seminar Room 4, Block S3.2, S3.2-B3-ESR4"
Seminar Rooms,NBS-S4,1,"Seminar Room 1 at NBS-S4, Block S4, S4-B2A-01"
Seminar Rooms,NBS-S4,2,"Seminar Room 2 at NBS-S4, Block S4, S4-B2A-02"
Seminar Rooms,NBS-S4,3,"Seminar Room 3 at NBS-S4, Block S4, S4-B2A-06"
Seminar Rooms,NBS-S4,4,"Seminar Room 4 at NBS-S4, Block S4, S4-B2A-07"
Seminar Rooms,NBS-S4,5,"Seminar Room 5 at NBS-S4, Block S4, S4-B2A-10"
Seminar Rooms,NBS-S4,6,"Seminar Room 6 at NBS-S4, Block S4, S4-B2A-11"
Seminar Rooms,NBS-S4,7,"Seminar Room 7 at NBS-S4, Block S4, S4-B2A-13"
Seminar Rooms,NBS-S4,8,"Seminar Room 8 at NBS-S4, Block S4, S4-B2A-14"
Seminar Rooms,NBS-S4,9,"Seminar Room 9 at NBS-S4, Block S4, S4-B2B-20"
Seminar Rooms,NBS-S4,10,"Seminar Room 10 at NBS-S4, Block S4, S4-B2B-21"
Seminar Rooms,NBS-S4,11,"Seminar Room 11 at NBS-S4, Block S4, S4-B2B-24"
Seminar Rooms,NBS-S4,12,"Seminar Room 12 at NBS-S4, Block S4, S4-B2B-25"
Seminar Rooms,NBS-S4,13,"Seminar Room 13 at NBS-S4, Block S4, S4-B2B-28"
Seminar Rooms,NBS-S4,14,"Seminar Room 14 at NBS-S4, Block S4, S4-B2B-30"
Seminar Rooms,NBS-S4,15,"Seminar Room 15 at NBS-S4, Block S4, S4-B2B-31"
Seminar Rooms,NBS-S4,16,"Seminar Room 16 at NBS-S4, Block S4, S4-B2B-32"
Seminar Rooms,NBS-S4,17,"Seminar Room 17 at NBS-S4, Block S4, S4-B2C-42"
Seminar Rooms,NBS-S4,18,"Seminar Room 18 at NBS-S4, Block S4, S4-B2C-43"
Seminar Rooms,NBS-S4,19,"Seminar Room 19 at NBS-S4, Block S4, S4-B2C-49"
Seminar Rooms,NBS-S4,20,"Seminar Room 20 at NBS-S4, Block S4, S4-B2C-50"
Seminar Rooms,NBS-S4,21,"Seminar Room 21 at NBS-S4, Block S4, S4-B1A-11"
Seminar Rooms,NBS-S4,22,"Seminar Room 22 at NBS-S4, Block S4, S4-B1A-12"
Seminar Rooms,NBS-S4,23,"Seminar Room 23 at NBS-S4, Block S4, S4-B1A-06"
Seminar Rooms,NBS-S4,24,"Seminar Room 24 at NBS-S4, Block S4, S4-B1A-08"
Seminar Rooms,Others,Centre for Transportation Studies (CTS) Seminar Room,"Centre for Transportation Studies (CTS) Seminar Room, Block N1, N1-B1C-26"
Tutorial Rooms,102-121,102,"Tutorial Room 102, Block SS1, SS1-01-02"
Tutorial Rooms,102-121,103,"Tutorial Room 103, Block SS1, SS1-01-01"
Tutorial Rooms,102-121,120,"Tutorial Room 120, Block SS4, SS4-01-26"
Tutorial Rooms,102-121,121,"Tutorial Room 121, Block SS4, SS4-01-25"
Tutorial Rooms,SBS,1,"Tutorial Room 1 - SBS, School of Biological Sciences (SBS), SBS-01N-33, 60 Nanyang Drive, Singapore 637551"
Tutorial Rooms,SBS,2,"Tutorial Room 2 - SBS, School of Biological Sciences (SBS), SBS-01N-22, 60 Nanyang Drive, Singapore 637551"
Tutorial Rooms,SBS,3,"Tutorial Room 3 - SBS, School of Biological Sciences (SBS), SBS-01N-23, 60 Nanyang Drive, Singapore 637551"
Tutorial Rooms,SBS,4,"Tutorial Room 4 - SBS, School of Biological Sciences (SBS), SBS-01N-24, 60 Nanyang Drive, Singapore 637551"
Tutorial Rooms,SBS,7,"Tutorial Room 7 - SBS, School of Biological Sciences (SBS), SAC-B1N-01, 60 Nanyang Drive, Singapore 637551"
Tutorial Rooms,SBS,8,"Tutorial Room 8 - SBS, School of Biological Sciences (SBS), SAC-B1N-02, 60 Nanyang Drive, Singapore 637551"
Tutorial Rooms,NIE2,201,"Tutorial Room 201 - NIE, National Institute of Education (NIE) - Building 2 (Education), NIE2-01-TR201"
Tutorial Rooms,NIE2,202,"Tutorial Room 202 - NIE, National Institute of Education (NIE) - Building 2 (Education), NIE2-01-TR202"
Tutorial Rooms,NIE2,203,"Tutorial Room 203 - NIE, National Institute of Education (NIE) - Building 2 (Education), NIE2-01-TR203"
Tutorial Rooms,NIE2,204,"Tutorial Room 204 - NIE, National Institute of Education (NIE) - Building 2 (Education), NIE2-01-TR204"
Tutorial Rooms,NIE2,205,"Tutorial Room 205 - NIE, National Institute of Education (NIE) - Building 2 (Education), NIE2-01-TR205"
Tutorial Rooms,NIE2,206,"Tutorial Room 206 - NIE, National Institute of Education (NIE) - Building 2 (Education), NIE2-01-TR206"
Tutorial Rooms,NIE2,207,"Tutorial Room 207 - NIE, National Institute of Education (NIE) - Building 2 (Education), NIE2-01-TR207"
Tutorial Rooms,NIE2,208,"Tutorial Room 208 - NIE, National Institute of Education (NIE) - Building 2 (Education), NIE2-01-TR208"
Tutorial Rooms,NIE2,209,"Tutorial Room 209 - NIE, National Institute of Education (NIE) - Building 2 (Education), NIE2-01-TR209"
Tutorial Rooms,NIE2,210,"Tutorial Room 210 - NIE, National Institute of Education (NIE) - Building 2 (Education), NIE2-01-TR210"
Tutorial Rooms,NIE2,211,"Tutorial Room 211 - NIE, National Institute of Education (NIE) - Building 2 (Education), NIE2-01-TR211"
Tutorial Rooms,NIE2,212,"Tutorial Room 212 - NIE, National Institute of Education (NIE) - Building 2 (Education), NIE2-01-TR212"
Tutorial Rooms,NIE2,213,"Tutorial Room 213 - NIE, National Institute of Education (NIE) - Building 2 (Education), NIE2-01-TR213"
Tutorial Rooms,NIE2,214,"Tutorial Room 214 - NIE, National Institute of Education (NIE) - Building 2 (Education), NIE2-01-TR214"
Tutorial Rooms,NIE2,215,"Tutorial Room 215 - NIE, National Institute of Education (NIE) - Building 2 (Education), NIE2-01-TR215"
Tutorial Rooms,NIE2,216,"Tutorial Room 216 - NIE, National Institute of Education (NIE) - Building 2 (Education), NIE2-01-TR216"
Tutorial Rooms,NIE3,301,"Tutorial Room 301 - NIE, National Institute of Education (NIE) - Building 3 (Arts), NIE3-01-TR301"
Tutorial Rooms,NIE3,302,"Tutorial Room 302 - NIE, National Institute of Education (NIE) - Building 3 (Arts), NIE3-01-TR302"
Tutorial Rooms,NIE3,303,"Tutorial Room 303 - NIE, National Institute of Education (NIE) - Building 3 (Arts), NIE3-01-TR303"
Tutorial Rooms,NIE3,304,"Tutorial Room 304 - NIE, National Institute of Education (NIE) - Building 3 (Arts), NIE3-01-TR304"
Tutorial Rooms,NIE3,305,"Tutorial Room 305 - NIE, National Institute of Education (NIE) - Building 3 (Arts), NIE3-01-TR305"
Tutorial Rooms,NIE3,306,"Tutorial Room 306 - NIE, National Institute of Education (NIE) - Building 3 (Arts), NIE3-01-TR306"
Tutorial Rooms,NIE3,307,"Tutorial Room 307 - NIE, National Institute of Education (NIE) - Building 3 (Arts), NIE3-01-TR307"
Tutorial Rooms,NIE3,308,"Tutorial Room 308 - NIE, National Institute of Education (NIE) - Building 3 (Arts), NIE3-01-TR308"
Tutorial Rooms,NIE3,309,"Tutorial Room 309 - NIE, National Institute of Education (NIE) - Building 3 (Arts), NIE3-01-TR309"
Tutorial Rooms,NIE3,310,"Tutorial Room 310 - NIE, National Institute of Education (NIE) - Building 3 (Arts), NIE3-01-TR310"
Tutorial Rooms,NIE3,311,"Tutorial Room 311 - NIE, National Institute of Education (NIE) - Building 3 (Arts), NIE3-01-TR311"
Tutorial Rooms,NIE3,312,"Tutorial Room 312 - NIE, National Institute of Education (NIE) - Building 3 (Arts), NIE3-01-TR312"
Tutorial Rooms,NIE3,313,"Tutorial Room 313 - NIE, National Institute of Education (NIE) - Building 3 (Arts), NIE3-01-TR313"
Tutorial Rooms,NIE3,314,"Tutorial Room 314 - NIE, National Institute of Education (NIE) - Building 3 (Arts), NIE3-01-TR314"
Tutorial Rooms,NIE3,315,"Tutorial Room 315 - NIE, National Institute of Education (NIE) - Building 3 (Arts), NIE3-01-TR315"
Tutorial Rooms,NIE3,316,"Tutorial Room 316 - NIE, National Institute of Education (NIE) - Building 3 (Arts), NIE3-01-TR316"
Tutorial Rooms,NIE3,317,"Tutorial Room 317 - NIE, National Institute of Education (NIE) - Building 3 (Arts), NIE3-01-TR317"
Tutorial Rooms,NIE3,318,"Tutorial Room 318 - NIE, National Institute of Education (NIE) - Building 3 (Arts), NIE3-01-TR318"
Tutorial Rooms,NIE3,319,"Tutorial Room 319 - NIE, National Institute of Education (NIE) - Building 3 (Arts), NIE3-01-TR319"
Tutorial Rooms,NIE3,320,"Tutorial Room 320 - NIE, National Institute of Education (NIE) - Building 3 (Arts), NIE3-01-TR320"
Tutorial Rooms,NIE3,321,"Tutorial Room 321 - NIE, National Institute of Education (NIE) - Building 3 (Arts), NIE3-01-TR321"
Tutorial Rooms,NIE3,322,"Tutorial Room 322 - NIE, National Institute of Education (NIE) - Building 3 (Arts), NIE3-01-TR322"
Tutorial Rooms,NIE3,323,"Tutorial Room 323 - NIE, National Institute of Education (NIE) - Building 3 (Arts), NIE3-B1-TR323"
Tutorial Rooms,NIE5,501,"Tutorial Room 501 - NIE, National Institute of Education (NIE) - Building 5 (Physical Education), NIE5-01-TR501"
Tutorial Rooms,NIE5,502,"Tutorial Room 502 - NIE, National Institute of Education (NIE) - Building 5 (Physical Education), NIE5-01-TR502"
Tutorial Rooms,NIE5,503,"Tutorial Room 503 - NIE, National Institute of Education (NIE) - Building 5 (Physical Education), NIE5-01-TR503"
Tutorial Rooms,NIE5,504,"Tutorial Room 504 - NIE, National Institute of Education (NIE) - Building 5 (Physical Education), NIE5-01-TR504"
Tutorial Rooms,NIE5,505,"Tutorial Room 505 - NIE, National Institute of Education (NIE) - Building 5 (Physical Education), NIE5-01-TR505"
Tutorial Rooms,NIE5,506,"Tutorial Room 506 - NIE, National Institute of Education (NIE) - Building 5 (Physical Education), NIE5-01-TR506"
Tutorial Rooms,NIE5,507,"Tutorial Room 507 - NIE, National Institute of Education (NIE) - Building 5 (Physical Education), NIE5-01-TR507"
Tutorial Rooms,NIE5,508,"Tutorial Room 508 - NIE, National Institute of Education (NIE) - Building 5 (Physical Education), NIE5-01-TR508"
Tutorial Rooms,NIE7,701,"Tutorial Room 701 - NIE, National Institute of Education (NIE) - Building 7 (Science), NIE7-01-TR701"
Tutorial Rooms,NIE7,702,"Tutorial Room 702 - NIE, National Institute of Education (NIE) - Building 7 (Science), NIE7-01-TR702"
Tutorial Rooms,NIE7,703,"Tutorial Room 703 - NIE, National Institute of Education (NIE) - Building 7 (Science), NIE7-01-TR703"
Tutorial Rooms,NIE7,704,"Tutorial Room 704 - NIE, National Institute of Education (NIE) - Building 7 (Science), NIE7-01-TR704"
Tutorial Rooms,NIE7,705,"Tutorial Room 705 - NIE, National Institute of Education (NIE) - Building 7 (Science), NIE7-01-TR705"
Tutorial Rooms,NIE7,706,"Tutorial Room 706 - NIE, National Institute of Education (NIE) - Building 7 (Science), NIE7-01-TR706"
Tutorial Rooms,NIE7,707,"Tutorial Room 707 - NIE, National Institute of Education (NIE) - Building 7 (Science), NIE7-01-TR707"
Tutorial Rooms,NIE7,708,"Tutorial Room 708 - NIE, National Institute of Education (NIE) - Building 7 (Science), NIE7-01-TR708"
Tutorial Rooms,NIE7,709,"Tutorial Room 709 - NIE, National Institute of Education (NIE) - Building 7 (Science), NIE7-01-TR709"
Tutorial Rooms,NIE7,710,"Tutorial Room 710 - NIE, National Institute of Education (NIE) - Building 7 (Science), NIE7-01-TR710"
Tutorial Rooms,NIE7,711,"Tutorial Room 711 - NIE, National Institute of Education (NIE) - Building 7 (Science), NIE7-01-TR711"
Tutorial Rooms,NIE7,712,"Tutorial Room 712 - NIE, National Institute of Education (NIE) - Building 7 (Science), NIE7-01-TR712"
Tutorial Rooms,NIE7,713,"Tutorial Room 713 - NIE, National Institute of Education (NIE) - Building 7 (Science), NIE7-01-TR713"
Tutorial Rooms,NIE7,714,"Tutorial Room 714 - NIE, National Institute of Education (NIE) - Building 7 (Science), NIE7-01-TR714"
Tutorial Rooms,NIE7,715,"Tutorial Room 715 - NIE, National Institute of Education (NIE) - Building 7 (Science), NIE7-01-TR715"
Tutorial Rooms,NIE7,716,"Tutorial Room 716 - NIE, National Institute of Education (NIE) - Building 7 (Science), NIE7-01-TR716"
Tutorial Rooms,NIE7,717,"Tutorial Room 717 - NIE, National Institute of Education (NIE) - Building 7 (Science), NIE7-01-TR717"
Tutorial Rooms,NIE7,718,"Tutorial Room 718 - NIE, National Institute of Education (NIE) - Building 7 (Science), NIE7-01-TR718"
Tutorial Rooms,NIE7,719,"Tutorial Room 719 - NIE, National Institute of Education (NIE) - Building 7 (Science), NIE7-01-TR719"
Tutorial Rooms,NIE7,720,"Tutorial Room 720 - NIE, National Institute of Education (NIE) - Building 7 (Science), NIE7-01-TR720"
Tutorial Rooms,NIE7,721,"Tutorial Room 721 - NIE, National Institute of Education (NIE) - Building 7 (Science), NIE7-01-TR721"
Tutorial Rooms,NIE7,722,"Tutorial Room 722 - NIE, National Institute of Education (NIE) - Building 7 (Science), NIE7-01-TR722"
Tutorial Rooms +,HSS,1,"Tutorial Room + 1 - HSS, School of Humanities / School of Social Sciences, HSS-B1-08, 48 Nanyang Avenue, Singapore 639818"
Tutorial Rooms +,HSS,2,"Tutorial Room + 2 - HSS, School of Humanities / School of Social Sciences, HSS-B1-07, 48 Nanyang Avenue, Singapore 639818"
Tutorial Rooms +,HSS,5,"Tutorial Room + 5 - HSS, School of Humanities / School of Social Sciences, HSS-B1-12, 48 Nanyang Avenue, Singapore 639818"
Tutorial Rooms +,North Spine,1,"Tutorial Room + 1, Block NS4, NS4-05-79"
Tutorial Rooms +,North Spine,2,"Tutorial Room + 2, Block NS4, NS4-05-80"
Tutorial Rooms +,North Spine,3,"Tutorial Room + 3, Block NS4, NS4-05-81"
Tutorial Rooms +,North Spine,4,"Tutorial Room + 4, Block NS4, NS4-05-82"
Tutorial Rooms +,North Spine,5,"Tutorial Room + 5, Block NS4, NS4-05-83"
Tutorial Rooms +,North Spine,6,"Tutorial Room + 6, Block NS4, NS4-05-84"
Tutorial Rooms +,North Spine,7,"Tutorial Room + 7, Block NS4, NS4-05-85"
Tutorial Rooms +,North Spine,8,"Tutorial Room + 8, Block NS4, NS4-05-86"
Tutorial Rooms +,North Spine,9,"Tutorial Room + 9, Block NS4, NS4-05-87"
Tutorial Rooms +,North Spine,15,"Tutorial Room + 15, Block NS4, NS4-05-93"
Tutorial Rooms +,North Spine,16,"Tutorial Room + 16, Block NS4, NS4-05-94"
Tutorial Rooms +,North Spine,17,"Tutorial Room + 17, Block NS4, NS4-05-95"
Tutorial Rooms +,North Spine,18,"Tutorial Room + 18, Block NS4, NS4-05-96"
Tutorial Rooms +,North Spine,19,"Tutorial Room + 19, Block NS4, NS4-05-97"
Tutorial Rooms +,North Spine,20,"Tutorial Room + 20, Block NS4, NS4-05-98"
Tutorial Rooms +,North Spine,21,"Tutorial Room + 21, Block NS4, NS4-05-99"
Tutorial Rooms +,North Spine,22,"Tutorial Room + 22, Block NS4, NS4-05-100"
Tutorial Rooms +,North Spine,23,"Tutorial Room + 23, Block NS4, NS4-05-101"
Tutorial Rooms +,North Spine,29,"Tutorial Room + 29, Block NS2, NS2-05-22"
Tutorial Rooms +,North Spine,30,"Tutorial Room + 30, Block NS2, NS2-05-23"
Tutorial Rooms +,North Spine,31,"Tutorial Room + 31, Block NS2, NS2-05-24"
Tutorial Rooms +,North Spine,32,"Tutorial Room + 32, Block NS2, NS2-05-25"
Tutorial Rooms +,North Spine,33,"Tutorial Room + 33, Block NS2, NS2-05-26"
Tutorial Rooms +,North Spine,34,"Tutorial Room + 34, Block NS2, NS2-05-27"
Tutorial Rooms +,North Spine,35,"Tutorial Room + 35, Block NS2, NS2-05-28"
Tutorial Rooms +,North Spine,36,"Tutorial Room + 36, Block NS2, NS2-05-29"
Tutorial Rooms +,North Spine,37,"Tutorial Room + 37, Block NS2, NS2-05-30"
Tutorial Rooms +,N2,43,"Tutorial Room x 43, Block N2, N2-B2A-05"
Tutorial Rooms +,N2,44,"Tutorial Room x 44, Block N2, N2-B2A-06"
Tutorial Rooms +,N2,45,"Tutorial Room + 45, Block N2, N2-B4C-21"
Tutorial Rooms +,N2,46,"Tutorial Room + 46, Block N2, N2-B4C-20"
Tutorial Rooms +,N2,47,"Tutorial Room + 47, Block N2, N2-B4C-19"
Tutorial Rooms +,N2,48,"Tutorial Room + 48, Block N2, N2-B4C-18"
Tutorial Rooms +,N2,49,"Tutorial Room + 49, Block N2, N2-B4C-17"
Tutorial Rooms +,N2,50,"Tutorial Room + 50, Block N2, N2-B4C-16"
Tutorial Rooms +,N2,51,"Tutorial Room + 51, Block N2, N2-B4C-12"
Tutorial Rooms +,N2,58,"Tutorial Room + 58, Block N2, N2-B4C-06"
Tutorial Rooms +,South Spine,61,"Tutorial Room + 61, Block SS1, SS1-B1-07"
Tutorial Rooms +,South Spine,62,"Tutorial Room + 62, Block SS1, SS1-B1-06"
Tutorial Rooms +,South Spine,63,"Tutorial Room + 63, Block SS1, SS1-B1-05"
Tutorial Rooms +,South Spine,64,"Tutorial Room + 64, Block SS1, SS1-B1-04"
Tutorial Rooms +,South Spine,65,"Tutorial Room + 65, Block SS1, SS1-B1-03"
Tutorial Rooms +,South Spine,66,"Tutorial Room + 66, Block SS1, SS1-B1-02"
Tutorial Rooms +,South Spine,67,"Tutorial Room + 67, Block SS1, SS1-B1-01"
Tutorial Rooms +,South Spine,68,"Tutorial Room + 68, Block SS1, SS1-B1-14"
Tutorial Rooms +,South Spine,69,"Tutorial Room + 69, Block SS1, SS1-B1-13"
Tutorial Rooms +,South Spine,77,"Tutorial Room + 77, Block SS4, SS4-B1-34"
Tutorial Rooms +,South Spine,78,"Tutorial Room + 78, Block SS4, SS4-B1-33"
Tutorial Rooms +,South Spine,79,"Tutorial Room + 79, Block SS4, SS4-B1-32"
Tutorial Rooms +,South Spine,80,"Tutorial Room + 80, Block SS4, SS4-B1-31"
Tutorial Rooms +,South Spine,87,"Tutorial Room + 87, Block SS4, SS4-B1-30"
Tutorial Rooms +,South Spine,88,"Tutorial Room + 88, Block SS2, SS2-01-09"
Tutorial Rooms +,South Spine,89,"Tutorial Room + 89, Block SS2, SS2-01-10"
Tutorial Rooms +,South Spine,90,"Tutorial Room + 90, Block SS2, SS2-01-11"
Tutorial Rooms +,South Spine,91,"Tutorial Room + 91, Block SS2, SS2-01-12"
Tutorial Rooms +,South Spine,92,"Tutorial Room + 92, Block SS2, SS2-01-13"
Tutorial Rooms +,South Spine,93,"Tutorial Room + 93, Block SS2, SS2-01-14"
Tutorial Rooms +,South Spine,94,"Tutorial Room + 94, Block SS2, SS2-01-15"
Tutorial Rooms +,South Spine,95,"Tutorial Room + 95, Block SS2, SS2-01-16"
Tutorial Rooms +,South Spine,96,"Tutorial Room + 96, Block SS2, SS2-01-17"
Tutorial Rooms +,South Spine,106,"Tutorial Room + 106, Block SS4, SS4-01-40"
Tutorial Rooms +,South Spine,107,"Tutorial Room + 107, Block SS4, SS4-01-39"
Tutorial Rooms +,South Spine,108,"Tutorial Room + 108, Block SS4, SS4-01-38"
Tutorial Rooms +,South Spine,109,"Tutorial Room + 109, Block SS4, SS4-01-37"
Tutorial Rooms +,South Spine,110,"Tutorial Room + 110, Block SS4, SS4-01-36"
Tutorial Rooms +,South Spine,111,"Tutorial Room + 111, Block SS4, SS4-01-35"
Tutorial Rooms +,South Spine,112,"Tutorial Room + 112, Block SS4, SS4-01-34"
Tutorial Rooms +,South Spine,113,"Tutorial Room + 113, Block SS4, SS4-01-33"
Tutorial Rooms +,South Spine,114,"Tutorial Room + 114, Block SS4, SS4-01-32"
Tutorial Rooms +,South Spine,122,"Tutorial Room x 122, Block SS4, SS4-01-24"
Tutorial Rooms +,S4,151,"Tutorial Room + 151, Block S4, S4-B2C-36"
Tutorial Rooms +,S4,152,"Tutorial Room + 152, Block S4, S4-B2C-38"
Tutorial Rooms +,S4,153,"Tutorial Room + 153, Block S4, S4-B2C-39"
Tutorial Rooms +,S4,154,"Tutorial Room + 154, Block S4, S4-B2C-41"
Tutorial Rooms +,S4,159,"Tutorial Room + 159, Block S4, S4-B2C-46"
Tutorial Rooms +,S4,160,"Tutorial Room + 160, Block S4, S4-B2C-48"
Tutorial Rooms +,S4,165,"Tutorial Room + 165, Block S4, S4-B2C-53"
Tutorial Rooms +,S4,166,"Tutorial Room + 166, Block S4, S4-B2C-55"
Tutorial Rooms +,SBS,5,"Tutorial Room + 5 - SBS, School of Biological Sciences (SBS), SBS-01N-25, 60 Nanyang Drive, Singapore 637551"
Tutorial Rooms +,SBS,6,"Tutorial Room + 6 - SBS, School of Biological Sciences (SBS), SBS-01N-26, 60 Nanyang Drive, Singapore 637551"
Tutorial Rooms +,SCBE,1,"Tutorial Room + 1 - BIE, Block N1.3, N1.3-B4M-02, 70 Nanyang Drive, Singapore 637457"
Tutorial Rooms +,SCBE,2,"Tutorial Room + 2 - BIE, Block N1.3, N1.3-B4M-04, 70 Nanyang Drive, Singapore 637457"
Tutorial Rooms +,SPMS,1,"Tutorial Room + 1 - SPMS, School of Physical and Mathematical Sciences (SPMS), SPMS-03-07, 21 Nanyang Link, Singapore 637371"
Tutorial Rooms +,SPMS,2,"Tutorial Room + 2 - SPMS, School of Physical and Mathematical Sciences (SPMS), SPMS-03-06, 21 Nanyang Link, Singapore 637371"
Tutorial Rooms +,SPMS,3,"Tutorial Room + 3 - SPMS, School of Physical and Mathematical Sciences (SPMS), SPMS-04-06, 21 Nanyang Link, Singapore 637371"
Tutorial Rooms +,SPMS,4,"Tutorial Room + 4 - SPMS, School of Physical and Mathematical Sciences (SPMS), SPMS-04-05, 21 Nanyang Link, Singapore 637371"
Tutorial Rooms +,SPMS,5,"Tutorial Room + 5 - SPMS, School of Physical and Mathematical Sciences (SPMS), SPMS-04-04, 21 Nanyang Link, Singapore 637371"
Tutorial Rooms +,SPMS,6,"Tutorial Room + 6 - SPMS, School of Physical and Mathematical Sciences (SPMS), SPMS-04-03, 21 Nanyang Link, Singapore 637371"
Tutorial Rooms +,SPMS,7,"Tutorial Room + 7 - SPMS, School of Physical and Mathematical Sciences (SPMS), SPMS-04-02, 21 Nanyang Link, Singapore 637371"
Tutorial Rooms +,SPMS,8,"Tutorial Room + 8 - SPMS, School of Physical and Mathematical Sciences (SPMS), SPMS-04-12, 21 Nanyang Link, Singapore 637371"
Tutorial Rooms +,SPMS,9,"Tutorial Room + 9 - SPMS, School of Physical and Mathematical Sciences (SPMS), SPMS-04-11, 21 Nanyang Link, Singapore 637371"
Tutorial Rooms +,SPMS,10,"Tutorial Room + 10 - SPMS, School of Physical and Mathematical Sciences (SPMS), SPMS-04-10, 21 Nanyang Link, Singapore 637371"
Tutorial Rooms +,SPMS,11,"Tutorial Room + 11 - SPMS, School of Physical and Mathematical Sciences (SPMS), SPMS-04-08, 21 Nanyang Link, Singapore 637371"
Tutorial Rooms +,SPMS,12,"Tutorial Room + 12 - SPMS, School of Physical and Mathematical Sciences (SPMS), SPMS-05-06, 21 Nanyang Link, Singapore 637371"
Tutorial Rooms +,SPMS,13,"Tutorial Room + 13 - SPMS, School of Physical and Mathematical Sciences (SPMS), SPMS-05-05, 21 Nanyang Link, Singapore 637371"
Tutorial Rooms +,SPMS,14,"Tutorial Room + 14 - SPMS, School of Physical and Mathematical Sciences (SPMS), SPMS-05-04, 21 Nanyang Link, Singapore 637371"
Tutorial Rooms +,SPMS,15,"Tutorial Room + 15 - SPMS, School of Physical and Mathematical Sciences (SPMS), SPMS-05-03, 21 Nanyang Link, Singapore 637371"
Tutorial Rooms +,SPMS,16,"Tutorial Room + 16 - SPMS, School of Physical and Mathematical Sciences (SPMS), SPMS-05-02, 21 Nanyang Link, Singapore 637371"
Tutorial Rooms +,SPMS,17,"Tutorial Room + 17 - SPMS, School of Physical and Mathematical Sciences (SPMS), SPMS-05-12, 21 Nanyang Link, Singapore 637371"
Tutorial Rooms +,SPMS,18,"Tutorial Room + 18 - SPMS, School of Physical and Mathematical Sciences (SPMS), SPMS-05-10, 21 Nanyang Link, Singapore 637371"
Tutorial Rooms +,SPMS,19,"Tutorial Room + 19 - SPMS, School of Physical and Mathematical Sciences (SPMS), SPMS-05-09, 21 Nanyang Link, Singapore 637371"
Tutorial Rooms +,SPMS,20,"Tutorial Room + 20 - SPMS, School of Physical and Mathematical Sciences (SPMS), SPMS-05-07, 21 Nanyang Link, Singapore 637371"
Tutorial Rooms +,The Arc - Learning Hub North,1,"Tutorial Room + 1 - LHN, The Arc - Learning Hub North (LHN), LHN-B2-01, 63 Nanyang Drive, Singapore 636922"
Tutorial Rooms +,The Arc - Learning Hub North,2,"Tutorial Room + 2 - LHN, The Arc - Learning Hub North (LHN), LHN-B2-02, 63 Nanyang Drive, Singapore 636922"
Tutorial Rooms +,The Arc - Learning Hub North,3,"Tutorial Room + 3 - LHN, The Arc - Learning Hub North (LHN), LHN-B2-03, 63 Nanyang Drive, Singapore 636922"
Tutorial Rooms +,The Arc - Learning Hub North,4,"Tutorial Room + 4 - LHN, The Arc - Learning Hub North (LHN), LHN-B2-04, 63 Nanyang Drive, Singapore 636922"
Tutorial Rooms +,The Arc - Learning Hub North,5,"Tutorial Room + 5 - LHN, The Arc - Learning Hub North (LHN), LHN-B2-05, 63 Nanyang Drive, Singapore 636922"
Tutorial Rooms +,The Arc - Learning Hub North,6,"Tutorial Room + 6 - LHN, The Arc - Learning Hub North (LHN), LHN-B2-06, 63 Nanyang Drive, Singapore 636922"
Tutorial Rooms +,The Arc - Learning Hub North,7,"Tutorial Room + 7 - LHN, The Arc - Learning Hub North (LHN), LHN-B2-07, 63 Nanyang Drive, Singapore 636922"
Tutorial Rooms +,The Arc - Learning Hub North,8,"Tutorial Room + 8 - LHN, The Arc - Learning Hub North (LHN), LHN-B2-08, 63 Nanyang Drive, Singapore 636922"
Tutorial Rooms +,The Arc - Learning Hub North,9,"Tutorial Room + 9 - LHN, The Arc - Learning Hub North (LHN), LHN-B2-09, 63 Nanyang Drive, Singapore 636922"
Tutorial Rooms +,The Arc - Learning Hub North,10,"Tutorial Room + 10 - LHN, The Arc - Learning Hub North (LHN), LHN-B2-10, 63 Nanyang Drive, Singapore 636922"
Tutorial Rooms +,The Arc - Learning Hub North,11,"Tutorial Room + 11 - LHN, The Arc - Learning Hub North (LHN), LHN-B2-11, 63 Nanyang Drive, Singapore 636922"
Tutorial Rooms +,The Arc - Learning Hub North,12,"Tutorial Room + 12 - LHN, The Arc - Learning Hub North (LHN), LHN-B2-12, 63 Nanyang Drive, Singapore 636922"
Tutorial Rooms +,The Arc - Learning Hub North,13,"Tutorial Room + 13 - LHN, The Arc - Learning Hub North (LHN), LHN-01-01, 63 Nanyang Drive, Singapore 636922"
Tutorial Rooms +,The Arc - Learning Hub North,14,"Tutorial Room + 14 - LHN, The Arc - Learning Hub North (LHN), LHN-01-02, 63 Nanyang Drive, Singapore 636922"
Tutorial Rooms +,The Arc - Learning Hub North,15,"Tutorial Room + 15 - LHN, The Arc - Learning Hub North (LHN), LHN-01-03, 63 Nanyang Drive, Singapore 636922"
Tutorial Rooms +,The Arc - Learning Hub North,16,"Tutorial Room + 16 - LHN, The Arc - Learning Hub North (LHN), LHN-01-04, 63 Nanyang Drive, Singapore 636922"
Tutorial Rooms +,The Arc - Learning Hub North,17,"Tutorial Room + 17 - LHN, The Arc - Learning Hub North (LHN), LHN-01-05, 63 Nanyang Drive, Singapore 636922"
Tutorial Rooms +,The Arc - Learning Hub North,18,"Tutorial Room + 18 - LHN, The Arc - Learning Hub North (LHN), LHN-01-06, 63 Nanyang Drive, Singapore 636922"
Tutorial Rooms +,The Arc - Learning Hub North,19,"Tutorial Room + 19 - LHN, The Arc - Learning Hub North (LHN), LHN-01-07, 63 Nanyang Drive, Singapore 636922"
Tutorial Rooms +,The Arc - Learning Hub North,20,"Tutorial Room + 20 - LHN, The Arc - Learning Hub North (LHN), LHN-01-08, 63 Nanyang Drive, Singapore 636922"
Tutorial Rooms +,The Arc - Learning Hub North,21,"Tutorial Room + 21 - LHN, The Arc - Learning Hub North (LHN), LHN-01-09, 63 Nanyang Drive, Singapore 636922"
Tutorial Rooms +,The Arc - Learning Hub North,22,"Tutorial Room + 22 - LHN, The Arc - Learning Hub North (LHN), LHN-01-10, 63 Nanyang Drive, Singapore 636922"
Tutorial Rooms +,The Arc - Learning Hub North,23,"Tutorial Room + 23 - LHN, The Arc - Learning Hub North (LHN), LHN-01-11, 63 Nanyang Drive, Singapore 636922"
Tutorial Rooms +,The Arc - Learning Hub North,24,"Tutorial Room + 24 - LHN, The Arc - Learning Hub North (LHN), LHN-01-12, 63 Nanyang Drive, Singapore 636922"
Tutorial Rooms +,The Arc - Learning Hub North,25,"Tutorial Room + 25 - LHN, The Arc - Learning Hub North (LHN), LHN-01-13, 63 Nanyang Drive, Singapore 636922"
Tutorial Rooms +,The Arc - Learning Hub North,26,"Tutorial Room + 26 - LHN, The Arc - Learning Hub North (LHN), LHN-01-14, 63 Nanyang Drive, Singapore 636922"
Tutorial Rooms +,The Arc - Learning Hub North,27,"Tutorial Room + 27 - LHN, The Arc - Learning Hub North (LHN), LHN-01-15, 63 Nanyang Drive, Singapore 636922"
Tutorial Rooms +,The Arc - Learning Hub North,28,"Tutorial Room + 28 - LHN, The Arc - Learning Hub North (LHN), LHN-01-16, 63 Nanyang Drive, Singapore 636922"
Tutorial Rooms +,The Arc - Learning Hub North,29,"Tutorial Room + 29 - LHN, The Arc - Learning Hub North (LHN), LHN-01-17, 63 Nanyang Drive, Singapore 636922"
Tutorial Rooms +,The Arc - Learning Hub North,30,"Tutorial Room + 30 - LHN, The Arc - Learning Hub North (LHN), LHN-01-18, 63 Nanyang Drive, Singapore 636922"
Tutorial Rooms +,The Arc - Learning Hub North,31,"Tutorial Room + 31 - LHN, The Arc - Learning Hub North (LHN), LHN-01-19, 63 Nanyang Drive, Singapore 636922"
Tutorial Rooms +,The Arc - Learning Hub North,32,"Tutorial Room + 32 - LHN, The Arc - Learning Hub North (LHN), LHN-01-20, 63 Nanyang Drive, Singapore 636922"
Tutorial Rooms +,The Arc - Learning Hub North,33,"Tutorial Room + 33 - LHN, The Arc - Learning Hub North (LHN), LHN-01-21, 63 Nanyang Drive, Singapore 636922"
Tutorial Rooms +,The Arc - Learning Hub North,34,"Tutorial Room + 34 - LHN, The Arc - Learning Hub North (LHN), LHN-01-22, 63 Nanyang Drive, Singapore 636922"
Tutorial Rooms +,The Arc - Learning Hub North,35,"Tutorial Room + 35 - LHN, The Arc - Learning Hub North (LHN), LHN-02-01, 63 Nanyang Drive, Singapore 636922"
Tutorial Rooms +,The Arc - Learning Hub North,36,"Tutorial Room + 36 - LHN, The Arc - Learning Hub North (LHN), LHN-02-02, 63 Nanyang Drive, Singapore 636922"
Tutorial Rooms +,The Arc - Learning Hub North,37,"Tutorial Room + 37 - LHN, The Arc - Learning Hub North (LHN), LHN-02-03, 63 Nanyang Drive, Singapore 636922"
Tutorial Rooms +,The Arc - Learning Hub North,38,"Tutorial Room + 38 - LHN, The Arc - Learning Hub North (LHN), LHN-02-04, 63 Nanyang Drive, Singapore 636922"
Tutorial Rooms +,The Arc - Learning Hub North,39,"Tutorial Room + 39 - LHN, The Arc - Learning Hub North (LHN), LHN-02-05, 63 Nanyang Drive, Singapore 636922"
Tutorial Rooms +,The Arc - Learning Hub North,40,"Tutorial Room + 40 - LHN, The Arc - Learning Hub North (LHN), LHN-02-06, 63 Nanyang Drive, Singapore 636922"
Tutorial Rooms +,The Arc - Learning Hub North,41,"Tutorial Room + 41 - LHN, The Arc - Learning Hub North (LHN), LHN-02-07, 63 Nanyang Drive, Singapore 636922"
Tutorial Rooms +,The Arc - Learning Hub North,42,"Tutorial Room + 42 - LHN, The Arc - Learning Hub North (LHN), LHN-02-08, 63 Nanyang Drive, Singapore 636922"
Tutorial Rooms +,The Arc - Learning Hub North,43,"Tutorial Room + 43 - LHN, The Arc - Learning Hub North (LHN), LHN-02-09, 63 Nanyang Drive, Singapore 636922"
Tutorial Rooms +,The Arc - Learning Hub North,44,"Tutorial Room + 44 - LHN, The Arc - Learning Hub North (LHN), LHN-02-10, 63 Nanyang Drive, Singapore 636922"
Tutorial Rooms +,The Arc - Learning Hub North,45,"Tutorial Room + 45 - LHN, The Arc - Learning Hub North (LHN), LHN-02-11, 63 Nanyang Drive, Singapore 636922"
Tutorial Rooms +,The Arc - Learning Hub North,46,"Tutorial Room + 46 - LHN, The Arc - Learning Hub North (LHN), LHN-02-12, 63 Nanyang Drive, Singapore 636922"
Tutorial Rooms +,The Arc - Learning Hub North,47,"Tutorial Room + 47 - LHN, The Arc - Learning Hub North (LHN), LHN-02-13, 63 Nanyang Drive, Singapore 636922"
Tutorial Rooms +,The Arc - Learning Hub North,48,"Tutorial Room + 48 - LHN, The Arc - Learning Hub North (LHN), LHN-02-14, 63 Nanyang Drive, Singapore 636922"
Tutorial Rooms +,The Arc - Learning Hub North,49,"Tutorial Room + 49 - LHN, The Arc - Learning Hub North (LHN), LHN-02-15, 63 Nanyang Drive, Singapore 636922"
Tutorial Rooms +,The Arc - Learning Hub North,50,"Tutorial Room + 50 - LHN, The Arc - Learning Hub North (LHN), LHN-02-16, 63 Nanyang Drive, Singapore 636922"
Tutorial Rooms +,The Arc - Learning Hub North,51,"Tutorial Room + 51 - LHN, The Arc - Learning Hub North (LHN), LHN-02-17, 63 Nanyang Drive, Singapore 636922"
Tutorial Rooms +,The Arc - Learning Hub North,52,"Tutorial Room + 52 - LHN, The Arc - Learning Hub North (LHN), LHN-02-18, 63 Nanyang Drive, Singapore 636922"
Tutorial Rooms +,The Arc - Learning Hub North,53,"Tutorial Room + 53 - LHN, The Arc - Learning Hub North (LHN), LHN-02-19, 63 Nanyang Drive, Singapore 636922"
Tutorial Rooms +,The Arc - Learning Hub North,54,"Tutorial Room + 54 - LHN, The Arc - Learning Hub North (LHN), LHN-02-20, 63 Nanyang Drive, Singapore 636922"
Tutorial Rooms +,The Arc - Learning Hub North,55,"Tutorial Room + 55 - LHN, The Arc - Learning Hub North (LHN), LHN-02-21, 63 Nanyang Drive, Singapore 636922"
Tutorial Rooms +,The Arc - Learning Hub North,56,"Tutorial Room + 56 - LHN, The Arc - Learning Hub North (LHN), LHN-02-22, 63 Nanyang Drive, Singapore 636922"
Tutorial Rooms +,The Hive,2,"Tutorial Room + 2 - LHS, The Hive, LHS-B4-01, 52 Nanyang Avenue, Singapore 639816"
Tutorial Rooms +,The Hive,3,"Tutorial Room + 3 - LHS, The Hive, LHS-B4-02, 52 Nanyang Avenue, Singapore 639816"
Tutorial Rooms +,The Hive,4,"Tutorial Room + 4 - LHS, The Hive, LHS-B4-03, 52 Nanyang Avenue, Singapore 639816"
Tutorial Rooms +,The Hive,5,"Tutorial Room + 5 - LHS, The Hive, LHS-B4-04, 52 Nanyang Avenue, Singapore 639816"
Tutorial Rooms +,The Hive,6,"Tutorial Room + 6 - LHS, The Hive, LHS-B4-05, 52 Nanyang Avenue, Singapore 639816"
Tutorial Rooms +,The Hive,7,"Tutorial Room + 7 - LHS, The Hive, LHS-B4-06, 52 Nanyang Avenue, Singapore 639816"
Tutorial Rooms +,The Hive,8,"Tutorial Room + 8 - LHS, The Hive, LHS-B4-07, 52 Nanyang Avenue, Singapore 639816"
Tutorial Rooms +,The Hive,9,"Tutorial Room + 9 - LHS, The Hive, LHS-B4-08, 52 Nanyang Avenue, Singapore 639816"
Tutorial Rooms +,The Hive,10,"Tutorial Room + 10 - LHS, The Hive, LHS-B4-09, 52 Nanyang Avenue, Singapore 639816"
Tutorial Rooms +,The Hive,11,"Tutorial Room + 11 - LHS, The Hive, LHS-B4-10, 52 Nanyang Avenue, Singapore 639816"
Tutorial Rooms +,The Hive,12,"Tutorial Room + 12 - LHS, The Hive, LHS-B4-11, 52 Nanyang Avenue, Singapore 639816"
Tutorial Rooms +,The Hive,13,"Tutorial Room + 13 - LHS, The Hive, LHS-B3-01, 52 Nanyang Avenue, Singapore 639816"
Tutorial Rooms +,The Hive,14,"Tutorial Room + 14 - LHS, The Hive, LHS-B3-02, 52 Nanyang Avenue, Singapore 639816"
Tutorial Rooms +,The Hive,15,"Tutorial Room + 15 - LHS, The Hive, LHS-B3-03, 52 Nanyang Avenue, Singapore 639816"
Tutorial Rooms +,The Hive,16,"Tutorial Room + 16 - LHS, The Hive, LHS-B3-04, 52 Nanyang Avenue, Singapore 639816"
Tutorial Rooms +,The Hive,17,"Tutorial Room + 17 - LHS, The Hive, LHS-B3-05, 52 Nanyang Avenue, Singapore 639816"
Tutorial Rooms +,The Hive,18,"Tutorial Room + 18 - LHS, The Hive, LHS-B3-06, 52 Nanyang Avenue, Singapore 639816"
Tutorial Rooms +,The Hive,19,"Tutorial Room + 19 - LHS, The Hive, LHS-B3-07, 52 Nanyang Avenue, Singapore 639816"
Tutorial Rooms +,The Hive,20,"Tutorial Room + 20 - LHS, The Hive, LHS-B3-08, 52 Nanyang Avenue, Singapore 639816"
Tutorial Rooms +,The Hive,21,"Tutorial Room + 21 - LHS, The Hive, LHS-B3-09, 52 Nanyang Avenue, Singapore 639816"
Tutorial Rooms +,The Hive,22,"Tutorial Room + 22 - LHS, The Hive, LHS-B3-10, 52 Nanyang Avenue, Singapore 639816"
Tutorial Rooms +,The Hive,23,"Tutorial Room + 23 - LHS, The Hive, LHS-B3-11, 52 Nanyang Avenue, Singapore 639816"
Tutorial Rooms +,The Hive,24,"Tutorial Room + 24 - LHS, The Hive, LHS-B2-01, 52 Nanyang Avenue, Singapore 639816"
Tutorial Rooms +,The Hive,25,"Tutorial Room + 25 - LHS, The Hive, LHS-B2-02, 52 Nanyang Avenue, Singapore 639816"
Tutorial Rooms +,The Hive,26,"Tutorial Room + 26 - LHS, The Hive, LHS-B2-03, 52 Nanyang Avenue, Singapore 639816"
Tutorial Rooms +,The Hive,27,"Tutorial Room + 27 - LHS, The Hive, LHS-B2-04, 52 Nanyang Avenue, Singapore 639816"
Tutorial Rooms +,The Hive,28,"Tutorial Room + 28 - LHS, The Hive, LHS-B2-05, 52 Nanyang Avenue, Singapore 639816"
Tutorial Rooms +,The Hive,29,"Tutorial Room + 29 - LHS, The Hive, LHS-B2-06, 52 Nanyang Avenue, Singapore 639816"
Tutorial Rooms +,The Hive,30,"Tutorial Room + 30 - LHS, The Hive, LHS-B2-07, 52 Nanyang Avenue, Singapore 639816"
Tutorial Rooms +,The Hive,31,"Tutorial Room + 31 - LHS, The Hive, LHS-B2-08, 52 Nanyang Avenue, Singapore 639816"
Tutorial Rooms +,The Hive,32,"Tutorial Room + 32 - LHS, The Hive, LHS-B2-09, 52 Nanyang Avenue, Singapore 639816"
Tutorial Rooms +,The Hive,33,"Tutorial Room + 33 - LHS, The Hive, LHS-B2-10, 52 Nanyang Avenue, Singapore 639816"
Tutorial Rooms +,The Hive,34,"Tutorial Room + 34 - LHS, The Hive, LHS-B2-11, 52 Nanyang Avenue, Singapore 639816"
Tutorial Rooms +,The Hive,35,"Tutorial Room + 35 - LHS, The Hive, LHS-B1-01, 52 Nanyang Avenue, Singapore 639816"
Tutorial Rooms +,The Hive,36,"Tutorial Room + 36 - LHS, The Hive, LHS-B1-02, 52 Nanyang Avenue, Singapore 639816"
Tutorial Rooms +,The Hive,37,"Tutorial Room + 37 - LHS, The Hive, LHS-B1-03, 52 Nanyang Avenue, Singapore 639816"
Tutorial Rooms +,The Hive,38,"Tutorial Room + 38 - LHS, The Hive, LHS-B1-04, 52 Nanyang Avenue, Singapore 639816"
Tutorial Rooms +,The Hive,39,"Tutorial Room + 39 - LHS, The Hive, LHS-B1-05, 52 Nanyang Avenue, Singapore 639816"
Tutorial Rooms +,The Hive,40,"Tutorial Room + 40 - LHS, The Hive, LHS-B1-06, 52 Nanyang Avenue, Singapore 639816"
Tutorial Rooms +,The Hive,41,"Tutorial Room + 41 - LHS, The Hive, LHS-B1-07, 52 Nanyang Avenue, Singapore 639816"
Tutorial Rooms +,The Hive,42,"Tutorial Room + 42 - LHS, The Hive, LHS-B1-08, 52 Nanyang Avenue, Singapore 639816"
Tutorial Rooms +,The Hive,43,"Tutorial Room + 43 - LHS, The Hive, LHS-B1-09, 52 Nanyang Avenue, Singapore 639816"
Tutorial Rooms +,The Hive,44,"Tutorial Room + 44 - LHS, The Hive, LHS-B1-10, 52 Nanyang Avenue, Singapore 639816"
Tutorial Rooms +,The Hive,45,"Tutorial Room + 45 - LHS, The Hive, LHS-B1-11, 52 Nanyang Avenue, Singapore 639816"
Tutorial Rooms +,The Hive,46,"Tutorial Room + 46 - LHS, The Hive, LHS-01-05, 52 Nanyang Avenue, Singapore 639816"
Tutorial Rooms +,The Hive,47,"Tutorial Room + 47 - LHS, The Hive, LHS-02-01, 52 Nanyang Avenue, Singapore 639816"
Tutorial Rooms +,The Hive,48,"Tutorial Room + 48 - LHS, The Hive, LHS-02-02, 52 Nanyang Avenue, Singapore 639816"
Tutorial Rooms +,The Hive,49,"Tutorial Room + 49 - LHS, The Hive, LHS-02-03, 52 Nanyang Avenue, Singapore 639816"
Tutorial Rooms +,The Hive,50,"Tutorial Room + 50 - LHS, The Hive, LHS-02-04, 52 Nanyang Avenue, Singapore 639816"
Tutorial Rooms +,The Hive,51,"Tutorial Room + 51 - LHS, The Hive, LHS-02-05, 52 Nanyang Avenue, Singapore 639816"
Tutorial Rooms +,The Hive,52,"Tutorial Room + 52 - LHS, The Hive, LHS-02-06, 52 Nanyang Avenue, Singapore 639816"
Tutorial Rooms +,The Hive,53,"Tutorial Room + 53 - LHS, The Hive, LHS-02-07, 52 Nanyang Avenue, Singapore 639816"
Tutorial Rooms +,The Hive,54,"Tutorial Room + 54 - LHS, The Hive, LHS-02-08, 52 Nanyang Avenue, Singapore 639816"
Tutorial Rooms +,The Hive,55,"Tutorial Room + 55 - LHS, The Hive, LHS-03-01, 52 Nanyang Avenue, Singapore 639816"
Tutorial Rooms +,The Hive,56,"Tutorial Room + 56 - LHS, The Hive, LHS-03-02, 52 Nanyang Avenue, Singapore 639816"
Tutorial Rooms +,WKWSCI,7,"Tutorial Room + 7 - WKWSCI, Wee Kim Wee School of Communication And Information (WKWSCI), CS-02-18, 31 Nanyang Link, Singapore 637718"
Tutorial Rooms +,WKWSCI,8,"Tutorial Room + 8 - WKWSCI, Wee Kim Wee School of Communication And Information (WKWSCI), CS-02-21, 31 Nanyang Link, Singapore 637718"
Tutorial Rooms +,WKWSCI,9,"Tutorial Room + 9 - WKWSCI, Wee Kim Wee School of Communication And Information (WKWSCI), CS-03-31, 31 Nanyang Link, Singapore 637718"
Laboratories,CEE,Central Environmental Science & Engineering Laboratory,"Central Environmental Science & Engineering Laboratory (CESEL), Block N1, N1-B2A-02"
Laboratories,CEE,Construction Technology Laboratory,"Construction Technology Laboratory, Block N1, N1-B5-W401"
Laboratories,CEE,Engineering Software Teaching Laboratory 1,"Engineering Software Teaching Laboratory 1 (EST Lab 1), Block N1, N1-B2B-13"
Laboratories,CEE,Engineering Software Teaching Laboratory 2,"Engineering Software Teaching Laboratory 2 (EST Lab 2), Block N1, N1-B2B-13"
Laboratories,CEE,Environmental Engineering Research Centre,"Environmental Engineering Research Centre (EERC), Research Techno Plaza (RTP), RTP/BX-05, 50 Nanyang Drive, Singapore 637553"
Laboratories,CEE,Environment Laboratory,"Environment Laboratory (EL), Block N1, N1-B3A-04"
Laboratories,CEE,Environment Laboratory 2,"Environment Laboratory 2 (EL2), Block N1, N1-B3C-49"
Laboratories,CEE,Geotechnics Laboratory,"Geotechnics Laboratory (GL), Block N1, N1-B2C-26"
Laboratories,CEE,Geotechnics Research Laboratory,"Geotechnics Research Laboratory (GRL), Block N1, N1-B2B-19"
Laboratories,CEE,Geotechnics Workshop,"Geotechnics Workshop, Block N1, N1-B5-W402"
Laboratories,CEE,Hydraulics Laboratory,"Hydraulics Laboratory, Block N1, N1-B5-W301"
Laboratories,CEE,Protective Engineering Laboratory,"Protective Engineering Laboratory, Block N1.1, N1.1-B5-01/02/04"
Laboratories,CEE,Residues & Resource Reclamation Centre,"Residues & Resource Reclamation Centre (R3C), Block N1, N1-B3B-18"
Laboratories,CEE,Transportation & Geospatial Laboratory,"Transportation & Geospatial Laboratory, Block N1, N1-B1C-32"
Laboratories,EEE,Autonomous Robotics Research Laboratory,"Autonomous Robotics Research Laboratory (EEE), Block S2, S2-B6A-01"
Laboratories,EEE,BioMedical Instrumentation Laboratory,"BioMedical Instrumentation Laboratory, Block S2.1, S2.1-B4-02"
Laboratories,EEE,CEE Laboratory,"CEE Laboratory, Block N2, N2-B1C-14"
Laboratories,EEE,Centre for Signal Processing,"Centre for Signal Processing, Block S2, S2-B4B-05"
Laboratories,EEE,Characterisation Laboratory,"Characterisation Laboratory (EEE), Block S1, S1-B2C-20"
Laboratories,EEE,Clean Room,"Clean Room (EEE), Block S1, S1-B2C-21"
Laboratories,EEE,Communication Laboratory I,"Communication Laboratory I (EEE), Block S2, S2-B5C-08"
Laboratories,EEE,Communication Laboratory II,"Communication Laboratory II (EEE), Block S1, S1-B3C-27"
Laboratories,EEE,Communication Laboratory III,"Communication Laboratory III (EEE), Block S2, S2-B3C-26"
Laboratories,EEE,Communication Laboratory IV,"Communication Laboratory IV (EEE), Block S1, S1-B4A-03"
Laboratories,EEE,Communication Research Laboratory,"Communication Research Laboratory (EEE), Block S2, S2-B4C-17"
Laboratories,EEE,Computer Engineering Laboratory,"Computer Engineering Laboratory (EEE), Block S2, S2-B4C-15"
Laboratories,EEE,Computer Vision Laboratory,"Computer Vision Laboratory (EEE), Block S1, S1-B4C-14"
Laboratories,EEE,Computing Laboratory,"Computing Laboratory (EEE B), Block S2, S2-B3B-08"
Laboratories,EEE,Control Engineering Laboratory,"Control Engineering Laboratory (EEE), Block S1, S1-B4A-02"
Laboratories,EEE,Control Systems Laboratory,"Control Systems Laboratory (EEE), Block S2.1, S2.1-B4-02"
Laboratories,EEE,Digital Signal Processing Laboratory,"Digital Signal Processing Laboratory (EEE), Block S2, S2-B4A-03"
Laboratories,EEE,Electric Power Research Laboratory,"Electric Power Research Laboratory (EEE), Block S2, S2-B7C-01"
Laboratories,EEE,Electronics Laboratory I,"Electronics Laboratory I (EEE), Block S1, S1-B3C-28"
Laboratories,EEE,Electronics Laboratory III,"Electronics Laboratory III (EEE), Block S2, S2-B4A-04"
Laboratories,EEE,EMC laboratory,"EMC laboratory, Block SS1, SS1-01-06"
Laboratories,EEE,First Year Laboratory A2,"First Year Laboratory A2, Block S2, S2-B4A-04"
Laboratories,EEE,First Year Laboratory B,"First Year Laboratory B, Block S2, S2-B4A-01"
Laboratories,EEE,IC Design Laboratory I,"IC Design Laboratory I (EEE), Block S1, S1-B2B-13"
Laboratories,EEE,IC Design Laboratory II,"IC Design Laboratory II (EEE), Block S1, S1-B2B-10"
Laboratories,EEE,IC Design Laboratory III,"IC Design Laboratory III (EEE), Block S2.1, S2.1-B3-02"
Laboratories,EEE,ICIS Practicum Laboratory,"ICIS Practicum Laboratory, Block S2, S2-B3A-02"
Laboratories,EEE,InfoComm Engineering Laboratory,"InfoComm Engineering Laboratory (EEE), Block S2.1, S2.1-B4-03/04"
Laboratories,EEE,InfoComm Research Laboratory,"InfoComm Research Laboratory (EEE), Block S2.1, S2.1-B4-04"
Laboratories,EEE,Information Systems Research Laboratory,"Information Systems Research Laboratory (EEE), Block S2, S2-B3A-06"
Laboratories,EEE,Integrated Systems Research Laboratory,"Integrated Systems Research Laboratory, Block S1, S1-B2A-04"
Laboratories,EEE,Laboratory For Clean Energy Research,"Laboratory For Clean Energy Research (EEE), Block S2, S2-B7C-05"
Laboratories,EEE,Machine Learning Research Lab,"Machine Learning Research Laboratory (EEE), Block S1, S1-B4C-12"
Laboratories,EEE,Media Technology Laboratory,"Media Technology Laboratory (EEE), Block S2.2, S2.2-B4-02"
Laboratories,EEE,Nanoelectronics Laboratory I,"Nanoelectronics Laboratory I (EEE), Block S1, S1-B3A-01"
Laboratories,EEE,Nanoelectronics Laboratory II,"Nanoelectronics Laboratory II (EEE), Block S1, S1-B4A-01"
Laboratories,EEE,Network Laboratory,"Network Laboratory (EEE), Block S1, S1-B2A-09"
Laboratories,EEE,Network Operations Centre,"Network Operations Centre (EEE), Block S2, S2-B3C-23"
Laboratories,EEE,Network Technological Research Centre,"Network Technological Research Centre (NTRC), Research Techno Plaza (RTP), RTP/XF-04, 50 Nanyang Drive, Singapore 637553"
Laboratories,EEE,Photonics Laboratory I,"Photonics Laboratory I (EEE), Block S1, S1-B3A-08"
Laboratories,EEE,Photonics Laboratory II,"Photonics Laboratory II (EEE), Block S1, S1-B3B-16"
Laboratories,EEE,Photonics Laboratory III,"Photonics Laboratory III (EEE), Block S1, S1-B2A-01"
Laboratories,EEE,Photonics Training Laboratory,"Photonics Training Laboratory (EEE), Block S2.1, S2.1-B6-01"
Laboratories,EEE,Power and Clean Energy Design Laboratory,"Power and Clean Energy Design Laboratory (EEE), Block S2, S2-B5C-02"
Laboratories,EEE,Process Instrumentation Laboratory,"Process Instrumentation Laboratory (EEE), Block S2.2, S2.2-B4-03"
Laboratories,EEE,Project Laboratory,"Project Laboratory (EEE), Block S1, S1-B3B-23"
Laboratories,EEE,Purchasing Section,"Purchasing Section (EEE), Block S1, S1-B3C-26"
Laboratories,EEE,Rolls-Royce@NTU Corporate Lab / Electrical Power Systems Integration Lab @NTU,"Rolls-Royce@NTU Corporate Lab / Electrical Power Systems Integration Lab @NTU (EPSIL@N), Block S2, S2-B6C-04/06"
Laboratories,EEE,Satellite Engineering Clean Room,"Satellite Engineering Clean Room (SEC), Block S2.2, S2.2-B3-04"
Laboratories,EEE,Semi-Conductor Characterization Laboratory 1,"Semi-Conductor Characterization Laboratory 1 (EEE), Block S1, S1-B3C-27"
Laboratories,EEE,Sensors & Actuator Laboratory I,"Sensors & Actuator Laboratory I, Block S2.1, S2.1-B5-01"
Laboratories,EEE,Sensors & Actuator Laboratory II,"Sensors & Actuator Laboratory II, Block S2.1, S2.1-B6-02"
Laboratories,EEE,Smart Mobility Experience Laboratory,"Smart Mobility Experience Laboratory (EEE), Block S2, S2-B3B-10"
Laboratories,EEE,Software Engineering Laboratory,"Software Engineering Laboratory (EEE), Block S2.2, S2.2-B4-04"
Laboratories,EEE,Systems Engineering Laboratory,"Systems Engineering Laboratory (EEE), Block S2, S2-B4A-01/02"
Laboratories,EEE,VLSI Laboratory,"VLSI Laboratory (EEE), Block S2.1, S2.1-B3-01"
Laboratories,EEE,Water & Energy Research Laboratory,"Water & Energy Research Laboratory (EEE), Block S2.1, S2.1-B3-02"
Laboratories,HSS,CATI Laboratory,"CATI Laboratory (HSS), School of Humanities / School of Social Sciences, HSS-02-39, 48 Nanyang Avenue, Singapore 639818"
Laboratories,HSS,CSKL1,"Communication Skills Laboratory 1 (HSS), Block NS4, NS4-04-36"
Laboratories,HSS,CSKL2,"Communication Skills Laboratory 2 (HSS), Block NS4, NS4-04-37"
Laboratories,HSS,CSKL3,"Communication Skills Laboratory 3 (HSS), Block NS4, NS4-04-38"
Laboratories,HSS,CSKL4,"Communication Skills Laboratory 4 (HSS), Block N2, N2-B4C-14"
Laboratories,HSS,CSKL5,"Communication Skills Laboratory 5 (HSS), Block N2, N2-B4C-13"
Laboratories,HSS,CSKL6,"Communication Skills Laboratory 6 (HSS), Block SS2, SS2-01-08"
Laboratories,HSS,CSKL7,"Communication Skills Laboratory 7 (HSS), Block SS2, SS2-01-07"
Laboratories,HSS,CSKL8,"Communication Skills Laboratory 8 (HSS), Block SS4, SS4-01-42"
Laboratories,HSS,CSKL9,"Communication Skills Laboratory 9 (HSS), Block SS4, SS4-01-41"
Laboratories,HSS,CSKL10,"Communication Skills Laboratory 10 (HSS), Block SS4, SS4-B1-35"
Laboratories,HSS,CSKL10A,"Communication Skills Laboratory 10A (HSS), Block SS4, SS4-B1-35A"
Laboratories,HSS,CSKL10B,"Communication Skills Laboratory 10B (HSS), Block SS4, SS4-B1-35B"
Laboratories,HSS,CSKL11,"Communication Skills Laboratory 11 (HSS), Block SS4, SS4-B1-29"
Laboratories,HSS,CSKL12,"Communication Skills Laboratory 12 (HSS), Block SS4, SS4-B1-28"
Laboratories,HSS,CSKL13,"Communication Skills Laboratory 13 (HSS), School of Humanities / School of Social Sciences, HSS-02-38, 48 Nanyang Avenue, Singapore 639818"
Laboratories,HSS,CSKL14,"Communication Skills Laboratory 14 (HSS), School of Humanities / School of Social Sciences, HSS-02-40, 48 Nanyang Avenue, Singapore 639818"
Laboratories,HSS,CSKL15,"Communication Skills Laboratory 15 (HSS), Block SS4, SS4-B1-27"
Laboratories,HSS,CSKL16,"Communication Skills Laboratory 16 (HSS), Block SS4, SS4-B1-26"
Laboratories,HSS,CSKL17,"Communication Skills Laboratory 17 (HSS), Block SS4, SS4-B1-25"
Laboratories,HSS,Computer Laboratory 1,"Computer Laboratory 1 (HSS), School of Humanities / School of Social Sciences, HSS-01-03, 48 Nanyang Avenue, Singapore 639818"
Laboratories,HSS,Computer Laboratory 2,"Computer Laboratory 2 (HSS), School of Humanities / School of Social Sciences, HSS-01-05, 48 Nanyang Avenue, Singapore 639818"
Laboratories,HSS,Computer Laboratory 3,"Computer Laboratory 3 (HSS), School of Humanities / School of Social Sciences, HSS-01-07, 48 Nanyang Avenue, Singapore 639818"
Laboratories,HSS,Computer Laboratory 4,"Computer Laboratory 4 (HSS), School of Humanities / School of Social Sciences, HSS-01-08, 48 Nanyang Avenue, Singapore 639818"
Laboratories,HSS,Computer Laboratory 5,"Computer Laboratory 5 (HSS), School of Humanities / School of Social Sciences, HSS-01-10, 48 Nanyang Avenue, Singapore 639818"
Laboratories,HSS,Computer Laboratory 6,"Computer Laboratory 6 (HSS), School of Humanities / School of Social Sciences, HSS-02-41, 48 Nanyang Avenue, Singapore 639818"
Laboratories,HSS,Creative Studio,"Creative Studio (HSS), School of Humanities / School of Social Sciences, HSS-B2-01, 48 Nanyang Avenue, Singapore 639818"
Laboratories,HSS,Free Access Laboratory 1,"Free Access Laboratory 1 (HSS), School of Humanities / School of Social Sciences, HSS-B1-13, 48 Nanyang Avenue, Singapore 639818"
Laboratories,HSS,Free Access Laboratory 2,"Free Access Laboratory 2 (HSS), School of Humanities / School of Social Sciences, HSS-B1-06, 48 Nanyang Avenue, Singapore 639818"
Laboratories,MAE,Aerodynamics Laboratory,"Aerodynamics Laboratory, Block N3.2, N3.2-B4-01, 65 Nanyang Drive, Singapore 637460"
Laboratories,MAE,Aerospace Centre of Excellence,"Aerospace Centre of Excellence, Block N3.2, N3.2-B3M-05, 65 Nanyang Drive, Singapore 637460"
Laboratories,MAE,Aerospace Structures Laboratory,"Aerospace Structures Laboratory, Block N3.2, N3.2-B4-05/06, 65 Nanyang Drive, Singapore 637460"
Laboratories,MAE,Aircraft Hangar,"Aircraft Hangar, Block N3.2, N3.2-B4-01, 65 Nanyang Drive, Singapore 637460"
Laboratories,MAE,Biological & Chemical Laboratory,"Biological & Chemical Laboratory, Block N3, N3-01B-07"
Laboratories,MAE,Computer Aided Engineering Laboratory 1,"Computer Aided Engineering Laboratory 1, Block N3, N3-B3B-05"
Laboratories,MAE,Computer Aided Engineering Laboratory 2,"Computer Aided Engineering Laboratory 2, Block N3.2, N3.2-01-33/34/35, 65 Nanyang Drive, Singapore 637460"
Laboratories,MAE,Design Laboratory,"Design Laboratory (MAE), Block N3.2, N3.2-B1-02, 65 Nanyang Drive, Singapore 637460"
Laboratories,MAE,Energy Systems Laboratory,"Energy Systems Laboratory, Block N3.1, N3.1A-B4-01/02"
Laboratories,MAE,Flight Mechanics & Control Laboratory,"Flight Mechanics & Control Laboratory, Block N3.2, N3.2-B3M-01, 65 Nanyang Drive, Singapore 637460"
Laboratories,MAE,Fluid Mechanics Laboratory,"Fluid Mechanics Laboratory, Block N3, N3-B2B-03"
Laboratories,MAE,Fuel Cell Laboratory (ERI@N),"Fuel Cell Laboratory (ERI@N), Block N3, N3-B2A-02A"
Laboratories,MAE,Heat Transfer Laboratory,"Heat Transfer Laboratory, Block N3, N3-B2A-01"
Laboratories,MAE,Innovation@MAE Laboratory,"Innovation@MAE Laboratory, Block N3, N3-B4A-01/02A"
Laboratories,MAE,IT Service Unit 1,"IT Service Unit 1, Block N3, N3-01C-15"
Laboratories,MAE,IT Service Unit 2,"IT Service Unit 2, Block N3.1, N3.1-B3C-08/08A"
Laboratories,MAE,Manufacturing Process Laboratory 1,"Manufacturing Process Laboratory 1, The Arc - Learning Hub North (LHN), LHN-B4-03, 63 Nanyang Drive, Singapore 636922"
Laboratories,MAE,Manufacturing Process Laboratory 2,"Manufacturing Process Laboratory 2 (NAMC), The Arc - Learning Hub North (LHN), LHN-B4-06, 63 Nanyang Drive, Singapore 636922"
Laboratories,MAE,Manufacturing Process Laboratory 3,"Manufacturing Process Laboratory 3, The Arc - Learning Hub North (LHN), LHN-B3-02, 63 Nanyang Drive, Singapore 636922"
Laboratories,MAE,Materials Laboratory 1,"Materials Laboratory 1, Block N3.1, N3.1-B2B-02"
Laboratories,MAE,Materials Laboratory 2,"Materials Laboratory 2, Block N3.2, N3.2-B2-02, 65 Nanyang Drive, Singapore 637460"
Laboratories,MAE,Materials Laboratory 3,"Materials Laboratory 3, Block N3.1, N3.1-B3B-04/04A"
Laboratories,MAE,Mechanics of Machine Laboratory,"Mechanics of Machine Laboratory, Block N3, N3-B1C-03"
Laboratories,MAE,Mechanics of Materials Laboratory,"Mechanics of Materials Laboratory, Block N3.2, N3.2-B2-01, 65 Nanyang Drive, Singapore 637460"
Laboratories,MAE,Mechatronics Laboratory,"Mechatronics Laboratory, Block N3.2, N3.2-B1-03, 65 Nanyang Drive, Singapore 637460"
Laboratories,MAE,Metrology Laboratory,"Metrology Laboratory, Block N3.1, N3.1-B3B-03"
Laboratories,MAE,Model Shop,"Model Shop, Block HW2, HW2-01-02, 70A Nanyang Drive, Singapore 637334"
Laboratories,MAE,Precision Engineering Laboratory,"Precision Engineering Laboratory, Block N3, N3-B4C-03"
Laboratories,MAE,Propulsion Laboratory,"Propulsion Laboratory, Block N3.2, N3.2-02-36, 65 Nanyang Drive, Singapore 637460"
Laboratories,MAE,Thermal & Fluids Laboratory,"Thermal & Fluids Laboratory, Block N3, N3-B2C-06"
Laboratories,MAE,Tribology Laboratory,"Tribology Laboratory, Block N3.1, N3.1-B3A-03"
Laboratories,MSE,Biomaterials Laboratory,"Biomaterials / Cell Culture Laboratory, Block N4.1, N4.1-B1-01"
Laboratories,MSE,Central Store,"Central Store (MSE B2 Research Focus Lab), Block N4.1, N4.1-B2-06F"
Laboratories,MSE,E-Space @ MSE,"E-Space @ MSE, Block N4.1, N4.1-B2-01"
Laboratories,MSE,"Facility for Analysis, Characterisation, Testing and Simulation (FACTS)","Facility for Analysis, Characterisation, Testing and Simulation (FACTS), Block N4.1, N4.1-B4-10/10G/10H"
Laboratories,MSE,Heat Treatment Laboratory,"Heat Treatment Laboratory, Block N4.1, N4.1-B4-07"
Laboratories,MSE,Inorganic Materials Service Laboratory,"Inorganic Materials Service Laboratory, Block N4.1, N4.1-B3-03"
Laboratories,MSE,Materials Processing Service Laboratory,"Materials Processing Service Laboratory, Block N4, N4-B4-W118"
Laboratories,MSE,Organic Materials Service Laboratory,"Organic Materials Service Laboratory, Block N4.1, N4.1-B2-03"
Laboratories,MSE,Undergraduate Laboratory,"Undergraduate Laboratory, Block N4, N4-B4-W101"
Laboratories,NBS,Asian Business Case Centre,"Asian Business Case Centre (NBS), Block S3, S3-B1B-81/82/83/84"
Laboratories,NBS,Communication Laboratory 1,"Communication Laboratory 1 (NBS), Block S4, S4-B1B-22"
Laboratories,NBS,Communication Laboratory 2,"Communication Laboratory 2 (NBS), Block S4, S4-B1B-24"
Laboratories,NBS,Communication Laboratory 3,"Communication Laboratory 3 (NBS), Block S4, S4-B1B-25"
Laboratories,NBS,Communication Laboratory 4,"Communication Laboratory 4 (NBS), Block S4, S4-B1B-27"
Laboratories,NBS,Communication Laboratory 5,"Communication Laboratory 5 (NBS), Block S4, S4-B1C-39"
Laboratories,NBS,Communication Laboratory 6,"Communication Laboratory 6 (NBS), Block S4, S4-B1C-41"
Laboratories,NBS,Communication Laboratory 7,"Communication Laboratory 7 (NBS), Block S4, S4-B1C-42"
Laboratories,NBS,Communication Laboratory 8,"Communication Laboratory 8 (NBS), Block S4, S4-B1C-44"
Laboratories,NBS,Financial Trading Room,"Financial Trading Room (NBS), Block S4, S4-B1B-14/16"
Laboratories,NBS,Financial Trading Room 1,"Financial Trading Room 1 (NBS), Block S4, S4-B1C-33"
Laboratories,NBS,Financial Trading Room 2,"Financial Trading Room 2 (NBS), Block S4, S4-B1C-35"
Laboratories,NBS,Financial Trading Room 3,"Financial Trading Room 3 (NBS), Block S4, S4-B1C-45/46"
Laboratories,NBS,Graduate Computer Laboratory 1,"Graduate Computer Laboratory 1 (NBS), Block S3.1, S3.1-B2-01"
Laboratories,NBS,Graduate Computer Laboratory 2,"Graduate Computer Laboratory 2 (NBS), Block S3.1, S3.1-B2-02"
Laboratories,NBS,Graduate Computer Laboratory 3,"Graduate Computer Laboratory 3 (NBS), Block S3.1, S3.1-B2-04"
Laboratories,NBS,IT Laboratory 1,"IT Laboratory 1 (NBS), Block S4, S4-B1A-11"
Laboratories,NBS,IT Laboratory 2,"IT Laboratory 2 (NBS), Block S4, S4-B1A-12"
Laboratories,NBS,IT Laboratory 3,"IT Laboratory 3 (NBS), Block S4, S4-B1A-13"
Laboratories,NBS,IT Laboratory 4,"IT Laboratory 4 (NBS), Block S4, S4-B1B-21"
Laboratories,NBS,IT Laboratory 5,"IT Laboratory 5 (NBS), Block S4, S4-B1C-47"
Laboratories,NBS,Special Applications IT Laboratory 1,"Special Applications IT Laboratory 1 (NBS), Block S4, S4-B1C-29"
Laboratories,NBS,Special Applications IT Laboratory 2,"Special Applications IT Laboratory 2 (NBS), Block S4, S4-B1C-31A"
Laboratories,NBS,Special Applications IT Laboratory 3,"Special Applications IT Laboratory 3 (NBS), Block S4, S4-B1B-17"
Laboratories,NBS,MBA Career Service Centre,"MBA Career Service Centre (NBS), Block S3.1, S3.1-B2-06"
Laboratories,NBS,NBS Case Centre,"NBS Case Centre, Block S3, S3-B1B-60"
Laboratories,NBS,NBS IT Support Centre,"NBS IT Support Centre, Block S3.1, S3.1-B2-03"
Laboratories,NBS,Project Room 1,"Project Room 1 (NBS), Block S3.1, S3.1-B2-05"
Laboratories,NBS,Research Behavioural Laboratory,"Research Behavioural Laboratory (NBS), Block S3.2, S3.2-B1-02"
Laboratories,NBS,Sabre Resource Centre,"Sabre Resource Centre (NBS), Block S3, S3-B2C-121"
Laboratories,SBS,Biochemistry Laboratory,"Biochemistry Laboratory 1 (SBS), School of Biological Sciences (SBS), SBS-03N-01, 60 Nanyang Drive, Singapore 637551"
Laboratories,SBS,Cell Biology Laboratory,"Cell Biology Laboratory 1 (SBS), School of Biological Sciences (SBS), SBS-02S-53, 60 Nanyang Drive, Singapore 637551"
Laboratories,SBS,Chemical BIology Laboratory,"Chemical BIology Laboratory 1 (SBS), School of Biological Sciences (SBS), SBS-03S-45, 60 Nanyang Drive, Singapore 637551"
Laboratories,SBS,Genetics Laboratory,"Genetics Laboratory 1 (SBS), School of Biological Sciences (SBS), SBS-05N-24, 60 Nanyang Drive, Singapore 637551"
Laboratories,SBS,Immunology Laboratory,"Immunology Laboratory 1 (SBS), School of Biological Sciences (SBS), SBS-04N-24, 60 Nanyang Drive, Singapore 637551"
Laboratories,SBS,Molecular Biology Laboratory,"Molecular Biology Laboratory 1 (SBS), School of Biological Sciences (SBS), SBS-02N-01, 60 Nanyang Drive, Singapore 637551"
Laboratories,SBS,Virology Laboratory,"Virology Laboratory 1 (SBS), School of Biological Sciences (SBS), SBS-04S-29, 60 Nanyang Drive, Singapore 637551"
Laboratories,SCSE,Biometrics and Forensics Lab,"Biometrics and Forensics Lab, Block NS1, NS1-05-01A"
Laboratories,SCSE,Centre for Advance Media Technology,"Centre for Advance Media Technology, Block NS1, NS1-05-01"
Laboratories,SCSE,Data Management and Analytics Lab,"Data Management and Analytics Lab (DMAL), Block N4, N4-B3C-14"
Laboratories,SCSE,gameLAB Annexe I,"gameLAB Annexe I, Research Techno Plaza (RTP), RTP/XF-02-02, 50 Nanyang Drive, Singapore 637553"
Laboratories,SCSE,Hardware & Embedded Systems Lab (HESL),"Hardware & Embedded Systems Lab (HESL), Block N4, N4-B2B-05"
Laboratories,SCSE,Joint NTU-UBC Research Centre of Excellence in Active Living for the Elderly,"Joint NTU-UBC Research Centre of Excellence in Active Living for the Elderly (LILY), Block N4, N4-B3B-06"
Laboratories,SCSE,MAGIC Frontier,"Multi-plAtform Game Innovation Centre (MAGIC) Frontier, Research Techno Plaza (RTP), RTP/XF-02-M1, 50 Nanyang Drive, Singapore 637553"
Laboratories,SCSE,MAGIC Labyrinth,"Multi-plAtform Game Innovation Centre (MAGIC) Labyrinth, Block N4, N4-B4B-09"
Laboratories,SCSE,Multimedia and Interactive Computing Lab,"Multimedia and Interactive Computing Lab (MICL), Block N4, N4-B1C-17"
Laboratories,SPMS,Cavitation Laboratory,"Cavitation Laboratory (PAP), School of Physical and Mathematical Sciences (SPMS), SPMS-PAP-05-13, 21 Nanyang Link, Singapore 637371"
Laboratories,SPMS,Computer Laboratory 1,"Computer Laboratory 1 (MAS), School of Physical and Mathematical Sciences (SPMS), SPMS-MAS-03-02, 21 Nanyang Link, Singapore 637371"
Laboratories,SPMS,Computer Laboratory 2,"Computer Laboratory 2 (MAS), School of Physical and Mathematical Sciences (SPMS), SPMS-MAS-03-03, 21 Nanyang Link, Singapore 637371"
Laboratories,SPMS,Computer Laboratory 3,"Computer Laboratory 3 (MAS), School of Physical and Mathematical Sciences (SPMS), SPMS-MAS-03-04, 21 Nanyang Link, Singapore 637371"
Laboratories,SPMS,Mass Spectrometry Laboratory,"Mass Spectrometry Laboratory (CBC), School of Physical and Mathematical Sciences (SPMS), SPMS-CBC-01-06, 21 Nanyang Link, Singapore 637371"
Laboratories,SPMS,Nuclear Magnetic Resonance Laboratory,"Nuclear Magnetic Resonance Laboratory (PAP), School of Physical and Mathematical Sciences (SPMS), SPMS-PAP-01-20, 21 Nanyang Link, Singapore 637371"
Laboratories,SPMS,Physical Analytical Laboratory,"Physical Analytical Laboratory (CBC), School of Physical and Mathematical Sciences (SPMS), SPMS-CBC-03-15, 21 Nanyang Link, Singapore 637371"
Laboratories,SPMS,Raman Nanoscopy Imaging Laboratory,"Raman Nanoscopy Imaging Laboratory (PAP), School of Physical and Mathematical Sciences (SPMS), SPMS-PAP-03-18, 21 Nanyang Link, Singapore 637371"
Laboratories,SPMS,Spintronic Device Laboratory,"Spintronic Device Laboratory (PAP), School of Physical and Mathematical Sciences (SPMS), SPMS-PAP-01-01, 21 Nanyang Link, Singapore 637371"
Laboratories,Others,Centre for Research and Development in Learning,"Centre for Research and Development in Learning (CRADLE), Academic Building North, ABN-01B-10, 61 Nanyang Drive, Singapore 637335"
Laboratories,Others,DHI-NTU Centre,"DHI-NTU Centre, Block N1.2, N1.2-B1-02, 62 Nanyang Drive, Singapore 637459"
Laboratories,Others,EOS Data Centre,"EOS Data Centre, Block N2, N2-01B-16"
Laboratories,Others,High Performance Computing Centre,"High Performance Computing Centre, Block NS4, NS4-04-25"
Laboratories,Others,Multimedia Laboratory,"Multimedia Laboratory (WKWSCI), Wee Kim Wee School of Communication And Information (WKWSCI), CS-03-21, 31 Nanyang Link, Singapore 637718"
Laboratories,Others,Tan Tong Meng BBM (L) Laboratory,"Tan Tong Meng BBM (L) Laboratory, Wee Kim Wee School of Communication And Information (WKWSCI), CS-02-35A, 31 Nanyang Link, Singapore 637718"
